Word,Frequency
的,3125
是,898
了,861
他,755
在,516
蝶衣,396
和,315
也,309
一个,293
小,286
人,249
对,226
我,224
都,216
程蝶衣,211
就,197
小楼,193
这,180
四爷,179
说,177
有,176
豆子,165
中,159
不,158
自己,155
而,155
被,149
上,148
与,146
霸王,139
又,135
你,129
段小楼,128
就是,118
这个,117
那,117
着,115
把,115
到,110
霸王别姬,108
菊仙,107
没有,100
不是,99
戏,99
为,94
人物,94
她,92
很,91
里,89
要,88
电影,85
我们,84
虞姬,83
张国荣,83
看,82
他们,81
时,81
京剧,80
影片,79
可以,75
人物性格,74
菊,73
地,72
时候,70
但是,70
仙,69
最后,69
去,68
得,67
给,67
从,65
艺术,64
镜头,60
让,60
角色,60
呼应,60
但,59
来,58
袁,57
好,56
因为,56
所以,55
却,54
之后,54
会,53
下,52
已经,52
呢,52
只是,52
日本,51
师傅,50
癞子,50
唱,50
想,50
打,49
两个,48
拍,48
其实,48
师哥,48
戏院,47
小石头,47
将,46
再,46
还,45
什么,45
故事,45
之,44
二人,44
母亲,44
当,44
这样,44
性格,43
做,43
开始,43
孩子,42
爱,42
一种,42
为了,41
并,41
师父,41
更,40
以,40
命运,39
大,39
只,39
冲突,39
看到,38
最,38
一,38
个,38
没,37
非常,37
陈凯歌,37
还是,37
出现,37
谁,36
张公公,36
能,36
戏班,36
知道,36
世界,36
出,35
多,35
人生,35
情节,35
剑,35
懂,35
一次,34
作为,34
那个,33
后,33
于,33
环境,33
终于,33
那么,33
唱戏,32
表现,32
感情,32
京戏,32
用,32
才,32
它,31
一场,31
一段,31
从一而终,31
时间,31
成,31
文革,30
一生,30
娥,30
这种,30
时代,30
精神,30
之间,30
悲剧,30
女娇,30
死,29
比,29
选择,29
师兄,29
可,29
角儿,29
生活,29
一样,29
男儿,28
中国,28
走,28
很多,28
第一次,28
性别,28
导演,28
经理,28
一起,28
历史,28
如果,28
后来,28
过,28
啊,27
成为,27
一句,27
郎,26
声音,26
舞台,26
最终,26
一切,26
片子,26
一辈子,25
前,25
情感,25
像,25
如此,25
对比,25
戏子,25
我本,25
这部,25
真的,24
则,24
背叛,24
四儿,24
片中,24
对于,24
完,24
关,24
女人,24
关系,24
演出,24
男人,24
生命,24
以及,23
一部,23
现实,23
大家,23
跟,23
吗,23
所,23
观众,22
画面,22
这是,22
妓女,22
们,22
经历,22
文化,21
不过,21
场面,21
不能,21
完全,21
暗示,21
于是,21
所有,21
身上,21
而是,20
同时,20
等,20
然后,20
亦,20
当时,20
認為,20
真正,20
完成,20
戏里,20
张丰毅,20
传统,20
象征,20
需要,20
影评,19
可能,19
为什么,19
代表,19
新,19
那爷,19
身份,19
场景,19
重要,19
点,19
起来,19
塑造,19
话,19
不同,19
评论,19
年,19
一直,19
政治,19
娘,18
剧中,18
女性,18
这里,18
过程,18
自杀,18
真,18
当然,18
與,18
东西,18
结果,18
来说,18
可是,18
一個,18
无法,18
并且,18
而且,18
心,18
这篇,18
有剧,18
透,18
對,17
细节,17
出来,17
后面,17
还有,17
影响,17
另,17
巩俐,17
主题,17
始终,17
之中,17
批斗,17
效果,17
分析,17
段,16
冰糖葫芦,16
電影,16
香港,16
主要,16
心里,16
道,16
这些,16
曾经,16
使,16
一定,16
揭发,16
机会,16
无情,16
明显,15
只能,15
婊子,15
吃,15
此处,15
那场,15
当年,15
结束,15
觉得,15
北京,15
四,15
结局,15
已,15
体现,15
表演,15
不会,15
命,15
剧情,15
情绪,15
站,15
台上,15
因此,15
喜欢,15
剧本,15
结尾,15
男性,15
叫,15
错,15
笑,15
坚持,15
由,15
一般,14
吧,14
便,14
看着,14
另外,14
來,14
烧,14
给出,14
变化,14
进行,14
接受,14
這個,14
拍摄,14
相信,14
演,14
形象,14
有人,14
剩下,14
连,14
社会,14
張,14
以后,14
继续,14
也许,14
作用,14
觀眾,14
懂得,14
要求,14
關,14
动作,14
不再,13
程度,13
一些,13
一下,13
同性,13
如,13
或者,13
小时候,13
台下,13
灵魂,13
依然,13
只有,13
甚至,13
整个,13
年代,13
自然,13
演员,13
其,13
阉割,13
得到,13
理解,13
关于,13
这场,13
戏剧,13
或许,13
拿,13
结构,13
音响,13
其他,13
带,12
音乐,12
进,12
突然,12
时期,12
复杂,12
完美,12
心中,12
来看,12
同样,12
比如,12
原来,12
实在,12
台词,12
手指,12
想起,12
本片,12
失去,12
剧组,12
正是,12
救,12
永远,12
自刎,12
成全,12
之前,12
怎么,12
讲述,12
除了,12
作者,12
现在,12
感动,12
空间,12
恨,12
那样,12
更是,12
知己,11
过去,11
向,11
一片,11
眼神,11
整部,11
印象,11
扮演,11
戏中,11
由于,11
小四,11
方式,11
令人,11
桥段,11
情况,11
从小,11
史诗,11
美,11
同性恋,11
人性,11
面对,11
伏笔,11
一位,11
那种,11
照顾,11
爱情,11
所谓,11
处,11
事,11
宝剑,11
那些,11
會,11
一点,11
讲,11
听,11
离开,11
既,11
矛盾,11
流逝,11
回到,11
世上,11
其中,11
找,11
不要,11
内心,10
前面,10
第二次,10
人们,10
各种,10
这么,10
不知,10
刻画,10
使得,10
起,10
原因,10
师兄弟,10
认为,10
时刻,10
太,10
男子,10
似乎,10
假,10
开场,10
走向,10
语言,10
意识,10
曾,10
绝望,10
疯狂,10
在于,10
如何,10
彻底,10
下去,10
从此,10
国民党,10
凱歌,10
俗世,10
然而,10
大烟,10
再次,10
进入,10
注意,10
的话,10
可谓,10
正,10
贵妃醉酒,10
认同,10
感觉,10
部分,10
叙事,10
說,10
展现,10
陳,10
地方,10
态度,10
女子,10
疯魔,10
通过,9
個,9
请,9
原本,9
面前,9
注定,9
那一刻,9
明白,9
一面,9
唯一,9
倒,9
哭,9
每,9
抱,9
经常,9
李碧华,9
演員,9
希望,9
实际上,9
拔剑,9
第三次,9
回,9
直到,9
思想,9
宿命,9
运用,9
黑暗,9
两人,9
满楼,9
痴迷,9
是因为,9
戏园子,9
处理,9
色彩,9
告诉,9
坐,9
起到,9
便是,9
帮,9
特写,9
多余,9
点题,9
任何,9
那麼,9
恍惚,9
回头,9
见,9
能够,9
发现,9
线,9
成功,9
回来,9
终究,9
了解,9
虽然,9
意义,8
充满,8
显得,8
问题,8
很大,8
经典,8
必须,8
情境,8
真实,8
全部,8
仿佛,8
门,8
袁世卿,8
记得,8
调度,8
法庭,8
打倒,8
窑姐,8
节奏,8
身边,8
留下,8
方面,8
达到,8
内,8
十分,8
思凡,8
出场,8
人物传记,8
旧,8
顾长卫,8
戏痴,8
別姬,8
状态,8
迷恋,8
女孩,8
丰富,8
戏外,8
怕,8
接下来,8
意思,8
光,8
符合,8
一刻,8
联系,8
汉奸,8
问,8
太监,8
戏服,8
花,8
痛苦,8
東西,8
以为,8
几乎,8
每个,8
嘴,8
喊,8
无,8
喜福成,8
挨打,8
心理,8
等等,8
跑,8
实现,8
应该,8
鼓掌,8
穿着,8
害怕,8
看见,8
捧,8
拍砖,8
门口,8
科班,8
只要,8
运动,8
主角,8
尊严,8
仍然,8
懂戏,8
自个儿,8
并非,8
其實,8
里面,8
敏感,8
式,8
哪,8
感受,8
国军,8
角度,8
俩,8
先是,8
灯光,8
感,8
合作,8
值得,8
这时候,8
脸上,8
慢慢,7
纯粹,7
看似,7
情份,7
无义,7
形式,7
痴,7
发生,7
能力,7
当中,7
一年,7
更加,7
气氛,7
一出,7
讓,7
送,7
红尘,7
发展,7
离去,7
巧妙,7
所说,7
做到,7
实际,7
覺得,7
於,7
有着,7
戒烟,7
有点,7
这次,7
红卫兵,7
国家,7
本,7
直接,7
写,7
背景,7
一幕,7
因,7
此时,7
逃跑,7
展开,7
三个,7
掌声,7
理想,7
追求,7
朋友,7
精彩,7
女性化,7
造型,7
对白,7
交代,7
保护,7
有些,7
因為,7
经过,7
处于,7
衣服,7
渴望,7
母性,7
脸,7
不管,7
贵族,7
多年,7
不如,7
摄像师,7
隔,7
烧掉,7
影像,7
清楚,7
自我,7
倔强,7
生,7
见到,7
死亡,7
随着,7
英雄,7
技术,7
蒙太奇,7
安排,7
妓院,7
艳红,7
构成,7
民族,7
多少,7
最大,7
这出,7
非,7
军官,7
这句,7
手,7
讽刺,7
張國榮,7
扔,7
梨园,7
变,7
挨,7
青木,7
思考,7
孤独,7
合理,7
不敢,7
许多,6
心疼,6
没落,6
我們,6
戀,6
磨,6
忘记,6
受到,6
北平,6
火,6
跪,6
受罚,6
下面,6
看法,6
跨越,6
模糊,6
快速,6
伤兵,6
令,6
牡丹亭,6
這樣,6
改变,6
不想,6
旧社会,6
糖葫芦,6
沒,6
枪毙,6
被迫,6
营造,6
对话,6
班主,6
死去,6
早已,6
是不是,6
众人,6
产生,6
这儿,6
您,6
强烈,6
捡,6
首先,6
吆喝声,6
收养,6
呀,6
个人,6
幸福,6
應該,6
是否,6
准备,6
烟斗,6
意味,6
深刻,6
如戏,6
响起,6
唱错,6
两次,6
相对,6
像是,6
眼里,6
反映,6
主动,6
人戏,6
手法,6
抛弃,6
广播,6
儿子,6
包括,6
為,6
昆曲,6
旁边,6
革命,6
心情,6
大量,6
看出,6
一折,6
表达,6
容易,6
阿飛,6
戏霸,6
本能,6
一边,6
妥协,6
一条,6
葛优,6
分,6
活,6
寓意,6
隐喻,6
再现,6
丈夫,6
别人,6
镜子,6
老,6
戏班子,6
变成,6
小孩,6
向往,6
沉重,6
当小,6
重新,6
行头,6
摄影师,6
黄天霸,6
从容,6
带有,6
娶,6
下三滥,6
难,6
男,6
女,6
过渡,6
所有人,6
完整,6
别,6
动荡,6
眼前,6
鲜明,6
却是,6
把握,6
遇到,6
歌聲,6
夜半,6
外,6
念错,6
一天,6
不仅,6
成活,6
本文,6
照片,6
骂,6
那段,6
後,6
真是,5
微妙,5
细腻,5
此,5
一处,5
屈服,5
衔接,5
坐在,5
爆发,5
加入,5
一身,5
府上,5
文革时期,5
認同,5
往往,5
一层,5
配音,5
埋,5
窑子,5
钱,5
妩媚,5
检察官,5
担心,5
淫词艳曲,5
记忆,5
现场,5
掉,5
可见,5
对待,5
看客,5
期间,5
旦角,5
台,5
早,5
见面,5
日子,5
小时,5
表示,5
尊重,5
逐渐,5
至少,5
满足,5
回忆,5
强调,5
捣,5
性,5
世道,5
戏台,5
月,5
变迁,5
认真,5
仔细,5
强权,5
几十年,5
一遍,5
提出,5
交织,5
色调,5
童年,5
三次,5
反应,5
巨大,5
日后,5
背景音乐,5
来到,5
一节,5
贯穿,5
他們,5
身段,5
亮相,5
崩溃,5
提到,5
抉择,5
工作人员,5
开头,5
父亲,5
大红,5
确实,5
先,5
砸,5
它们,5
按,5
批斗会,5
杀,5
上吊,5
人群,5
仍,5
加上,5
正如,5
要是,5
基本上,5
体罚,5
总,5
毁灭,5
戏份,5
小樓,5
挣扎,5
人物形象,5
花满楼,5
内容,5
至,5
可不,5
反思,5
起身,5
吃饭,5
事情,5
某种,5
衬托,5
引发,5
急,5
红,5
行为,5
一声,5
红色,5
目的,5
主人公,5
独自,5
后台,5
竟,5
感到,5
大陆,5
倒下,5
接着,5
想到,5
无论,5
指,5
周围,5
下来,5
本身,5
逼,5
道具,5
男孩,5
骄傲,5
拒绝,5
之一,5
正傳,5
中有,5
师弟,5
妈妈,5
反复,5
留在,5
存在,5
卖,5
多么,5
身体,5
出卖,5
共同,5
打死,5
赶紧,5
即使,5
如今,5
上吊自杀,5
开心,5
關錦鵬,5
不分,5
梦,5
处在,5
打开,5
对菊仙,5
承认,5
解放军,5
家,5
差,5
错认,5
提醒,5
民国,5
走进,5
我要,5
上台,5
自戀,5
走出,5
现代戏,5
时空,5
反对,5
時候,5
看看,5
执著,5
本来,5
較,5
转载,5
决定,5
剪子,5
归,5
十年,5
版权,5
陰柔,5
楚霸王,5
悲伤,5
标准,5
京城,5
幻象,5
境界,5
具有,5
特殊,5
想象,5
爱上,5
尤其,5
真虞姬,5
倒地,5
结婚,5
替,5
六指,5
导致,5
一系列,5
绝,5
兄弟,5
画,5
懵懂,5
大概,5
乱世,5
切除,5
如同,5
几年,5
尽管,5
元素,5
大子儿,5
深深,5
是从,5
看戏,5
当真,5
建立,5
這種,5
难得,5
足见,4
紧张,4
稳固,4
恐怕,4
难以,4
出去,4
或,4
立即,4
超越,4
更好,4
讲戏,4
不用,4
概念,4
流泪,4
描述,4
基础,4
艺术家,4
人家,4
不负,4
反而,4
说起,4
艰难,4
痴情,4
阶段,4
不但,4
无疑,4
同,4
从来,4
词,4
划清界限,4
一件,4
玻璃,4
淋漓尽致,4
苦,4
最好,4
烟枪,4
工具,4
极其,4
肉体上,4
不得不,4
强奸,4
吸,4
老板,4
传达,4
文化大革命,4
饰演,4
身子,4
眼泪,4
成年,4
原声,4
这一,4
名角,4
错误,4
不少,4
罢了,4
那天,4
当成,4
出身,4
说明,4
化妆,4
道德,4
批判,4
气质,4
四个,4
前进,4
一方面,4
迅速,4
毫无,4
再也,4
每天,4
力量,4
深情,4
简单,4
怜惜,4
特点,4
快感,4
还给,4
放,4
送给,4
表情,4
屏风,4
尽头,4
意图,4
怀念,4
风筝,4
身为,4
尽,4
国际,4
长,4
归宿,4
放弃,4
传承,4
转身,4
那里,4
這部,4
不愿,4
对抗,4
吐,4
培养,4
控制,4
弃婴,4
底下,4
拉,4
一大,4
嫉妒,4
信,4
感慨,4
找到,4
最为,4
几个,4
满嘴,4
包含,4
头牌,4
典型,4
开门,4
人民,4
划清界线,4
鲜血,4
空虚,4
即将,4
地说,4
转变,4
属于,4
及,4
每次,4
作,4
发挥,4
恰到好处,4
编排,4
单纯,4
豆瓣,4
一脸,4
评,4
不顾,4
前夕,4
留不住,4
上演,4
来临,4
设计,4
个体,4
无助,4
交流,4
低沉,4
小四儿,4
温暖,4
清醒,4
而后,4
恢复,4
外面,4
学艺,4
总是,4
调戏,4
无奈,4
脸谱,4
强势,4
比较,4
問題,4
一帮,4
折磨,4
腿,4
抓走,4
丝毫,4
舒服,4
一份,4
展示,4
正面,4
舞,4
特别,4
臺,4
说出,4
外界,4
弥补,4
另一方面,4
美好,4
彼此,4
为主,4
岁,4
北洋政府,4
多处,4
占有,4
大爷,4
这点,4
譬如,4
面部,4
转换,4
導演,4
抗战,4
何等,4
相通,4
菜刀,4
更具,4
情分,4
埋下,4
豌豆黄,4
不可,4
直至,4
老鸨,4
兵,4
贵妃,4
三,4
配角,4
裏,4
闹,4
优秀,4
之下,4
马车,4
望,4
辉煌,4
遭,4
学戏,4
铺垫,4
至此,4
未,4
雅,4
我覺,4
魅力,4
字眼,4
戏词,4
小将,4
字,4
不言钱,4
阐述,4
登场,4
心思,4
永不,4
寄托,4
固执,4
片头,4
爱人,4
该,4
气度,4
依赖,4
這類,4
哎,4
救出,4
七步,4
這,4
位置,4
叫卖声,4
一番,4
享受,4
种种,4
形成,4
注意力,4
获得,4
心心念念,4
第一,4
否则,4
气概,4
灭,4
好像,4
前后,4
重逢,4
不曾,4
一把,4
第一个,4
許多,4
毀容,4
自,4
世俗,4
而已,4
项羽,4
蛐蛐,4
牺牲,4
之外,4
震撼,4
极端,4
不好,4
讨论,4
声,4
方向,4
熊熊,4
走来,4
听到,4
多次,4
之情,4
裹,4
一个月,4
兩個,4
门外,4
戏如,4
时辰,4
轻易,4
沧桑,4
这话,4
一種,4
魅惑,4
无从,4
一对,4
得知,4
百年,4
京腔,4
一笑,4
气,4
结合,4
融合,4
秩序,4
看过,4
算,3
错位,3
需,3
不怕,3
怀里,3
犯,3
断,3
磨难,3
到头来,3
极为,3
暴力,3
匆匆,3
清末,3
般的,3
坚强,3
风光,3
没见,3
这时,3
打击,3
准确,3
少,3
往事,3
初期,3
唱起,3
提起,3
崇拜,3
惨烈,3
表現,3
见证,3
最佳,3
平凡,3
延续,3
信念,3
坏,3
视听,3
显然,3
源于,3
设置,3
资格,3
金棕榈奖,3
最高,3
再说,3
戛纳,3
第一部,3
字幕,3
美的,3
信物,3
来换,3
最初,3
自由,3
将要,3
强行,3
那句话,3
一步,3
规矩,3
美丽,3
断六指,3
再世,3
面,3
物件,3
若,3
一路,3
哪怕,3
视为,3
以死,3
倘若,3
一顿,3
予以,3
鞋,3
心灵,3
并未,3
大雪,3
坚决,3
出彩,3
小心,3
不让,3
打破,3
九,3
刁难,3
臭,3
关爱,3
留,3
自愿,3
轻轻,3
颠覆,3
根本,3
极致,3
每每,3
狠心,3
从前,3
丰满,3
记住,3
化境,3
美貌,3
绝不,3
长大,3
年纪,3
這些,3
总得,3
有种,3
核心,3
天,3
其他人,3
求,3
狂热,3
疼痛,3
脱,3
斗篷,3
拥有,3
物,3
旁人,3
情,3
远,3
紧凑,3
早就,3
反感,3
百姓,3
戏不分,3
何物,3
从良,3
理由,3
两种,3
羞辱,3
摆,3
分开,3
有所,3
求饶,3
王朝,3
绝世,3
受,3
可笑,3
固守,3
玩弄,3
她们,3
毕竟,3
客人,3
变形,3
伤感,3
本质,3
纠葛,3
徒弟,3
哪里,3
批評,3
珍贵,3
侧面,3
总算,3
劳动,3
情是,3
显出,3
刻,3
使用,3
异性恋,3
半,3
工作,3
反动,3
爱慕,3
签名,3
其它,3
流畅,3
啦,3
弄,3
两颗,3
逼真,3
口水,3
进城,3
全是,3
片酬,3
一颗,3
镪,3
号,3
韵味,3
过来,3
助手,3
一个个,3
果然,3
弦乐,3
剧烈,3
黄百鸣,3
就要,3
混响,3
演戏,3
唱段,3
甜,3
华丽,3
凄凉,3
指导,3
清晰,3
影视,3
越来越,3
功底,3
首次,3
好处,3
喝酒,3
有过,3
待,3
流,3
经营,3
片尾,3
第四次,3
例子,3
一块,3
构图,3
特定,3
满意,3
两段,3
意味深长,3
一家人,3
剪辑,3
突兀,3
时说,3
轮回,3
岁月,3
叙述,3
本人,3
工夫,3
冬夜,3
保持,3
一拨,3
细,3
少年,3
半张,3
信息,3
独特,3
拍戏,3
干净,3
不够,3
开玩笑,3
古老,3
姿态,3
照,3
哥哥,3
一贯,3
屁股,3
据说,3
合照,3
才能,3
肯定,3
侵略者,3
冲击,3
放下,3
深陷,3
暗暗,3
喊停,3
聪明,3
普通话,3
越,3
以下,3
笔者,3
整体,3
描写,3
记者,3
交叉,3
没事儿,3
慰问,3
上来,3
刚,3
盖世,3
有名,3
心头,3
眼睛,3
一世,3
事件,3
纠正,3
觉醒,3
暧昧,3
更为,3
情爱,3
男女,3
无产阶级,3
保留,3
故事情节,3
造成,3
手段,3
甚,3
坚守,3
男主角,3
只好,3
鸦片,3
敏锐,3
西瓜,3
布景,3
唱词,3
艺人,3
他人,3
层次感,3
紧接着,3
定亲,3
曲折,3
交待,3
冰冷,3
之感,3
残酷,3
去势,3
举动,3
练,3
翎子,3
究竟,3
杨立新,3
不断,3
一根,3
兴趣,3
此刻,3
遇见,3
屈从,3
恋,3
配合,3
关爷,3
题材,3
暗示着,3
长发,3
预示,3
一一,3
解决,3
漫长,3
快,3
成龙,3
抗争,3
奇怪,3
黛玉,3
娶母,3
嬗变,3
增加,3
情景,3
刘邦,3
送剑,3
各,3
创造,3
本剧,3
辜负,3
菊仙三人,3
前半部,3
影帝,3
利用光,3
那年,3
交给,3
回味,3
摄影,3
锦上添花,3
可惜,3
权势,3
不然,3
片,3
挺,3
长镜头,3
肮脏,3
公厕,3
苟活,3
袁四,3
厕所,3
肉体,3
砍断,3
由此,3
地道,3
顿时,3
之争,3
而菊仙,3
较为,3
允许,3
转向,3
辛苦,3
二次,3
暂时,3
再次出现,3
不易,3
不到,3
浓重,3
惊讶,3
中國,3
变得,3
好好,3
怎样,3
五步,3
外力,3
大戏,3
仙都,3
罢,3
出生,3
登台,3
不问,3
头,3
青楼,3
自始至终,3
透过,3
国粹,3
几句,3
火堆,3
一瞬间,3
风尘,3
透彻,3
有没有,3
共和国,3
穿,3
改口,3
有情有义,3
先前,3
没想到,3
学生,3
谋生,3
窗外,3
失声,3
赞同,3
还要,3
往后,3
观点,3
无数,3
衣裳,3
拼命,3
传单,3
重大,3
至於,3
你問,3
说错,3
下九流,3
勾脸,3
入,3
四方步,3
收下,3
混乱,3
爱戏,3
衰落,3
一如,3
話,3
唯有,3
道理,3
做人,3
打动,3
跟着,3
針對,3
兩人,3
总之,3
刻意,3
集中,3
泪流满面,3
大事,3
活着,3
平静,3
场馆,3
从而,3
胡同,3
真假,3
退场,3
现代,3
忘,3
深厚,3
包银,3
极,3
篮球馆,3
原,3
三人,3
学,3
过后,3
纠缠,3
不起,3
夜晚,3
无根,3
很难,3
成角,3
如小,3
普通,3
淡淡的,3
嘲笑,3
娘亲,3
猥亵,3
細,3
院子,3
緻,3
戏曲,3
出手,3
乃,3
泪,3
赴死,3
等到,3
堕落,3
歌声,3
流产,3
抢,3
宏观,3
伤口,3
墙上,3
境遇,3
詮釋,3
怎么样,3
照应,3
精粹,3
披上,3
赎身,3
宁愿,3
仗义,3
每個,3
把戏,3
歌唱祖国,3
人唱,3
堂会,3
罪,3
欢迎,3
阿尊,3
分别,3
口中,3
银幕,3
在乎,3
解放后,3
或許,3
出面,3
不停,3
辱,3
共产党,3
眼中,3
决定性,3
回事,3
不足以,3
我操,3
火光,3
刚才,3
何时,3
阵阵,3
寻常,3
沒有,3
不成,3
认,3
这辈子,3
过度,3
供,3
当初,3
不算,3
這麼,3
进屋,3
职业,3
伤害,3
名字,3
怎麼,3
对应,3
好看,3
来自,3
个性,3
留给,3
片刻,3
毒瘾,3
戒,3
承诺,3
一点点,3
段落,3
依恋,3
释放,3
关注,3
成长,3
一眼,3
权力,3
菊仙来,3
事实,3
救人,3
不解,3
未曾,3
用力,3
江山,3
文章,3
抓,3
敌意,3
烟瘾,3
不明,3
一丝,3
两,3
开,3
占领,3
成熟,3
冻冰,3
症,3
必須,3
队伍,3
老人,3
戀恐懼,3
茫茫,3
迷失,3
欢喜,3
這是,3
眼看,3
几场,3
戲,3
帮助,3
执着,3
全片,3
外部,3
事是,3
我演,3
悲情,3
利用,3
军歌,3
这段,3
同情,3
威胁,3
扭曲,3
從,3
没能,3
言语,3
愤怒,3
一樣,3
穿插,3
几多,2
调子,2
模拟,2
放烟,2
不止,2
差别,2
方便,2
一再,2
忍受,2
获取,2
观者,2
热情,2
微调,2
摔,2
意,2
自尽,2
低头,2
回顾,2
女厕,2
尤为,2
恰好,2
几位,2
喊声,2
亲生,2
態度,2
经验,2
润色,2
氛围,2
美妙,2
激发,2
恍若隔世,2
色,2
京劇,2
掌控,2
教他,2
细部,2
追光,2
栽培,2
帶,2
確實,2
桃花,2
十三,2
卻,2
声线,2
武生,2
同光,2
电话,2
焦距,2
短,2
说话,2
自尊,2
剪接,2
天大,2
撕心裂肺,2
因素,2
不行,2
响亮,2
亲自,2
夸张,2
中是,2
烟锅,2
特用,2
边,2
火盆,2
竟然,2
残忍,2
挂,2
大用,2
太有,2
歇斯底里,2
纯,2
相亲,2
狰狞,2
铺天盖地,2
心底,2
阴郁,2
活动,2
清冷,2
肌肉,2
版本,2
头上,2
行,2
内战,2
晴雯,2
不变,2
全都,2
尊龙,2
急速,2
撕扇,2
焚稿,2
這一點,2
有所不同,2
畸形,2
仗,2
金鱼,2
他演,2
扮装,2
呕吐,2
小人,2
点燃,2
你们,2
陪,2
具体,2
重,2
尝试,2
常常,2
报纸,2
同時,2
之人,2
说法,2
笑声,2
斑斓,2
引得,2
拍照,2
在场,2
思维,2
随即,2
足以,2
觀察,2
湖边,2
出血,2
冲,2
必然,2
叠化,2
照相,2
药,2
落到,2
說服,2
张艺谋,2
出口,2
炼,2
家长式,2
下跪,2
答应,2
高兴,2
赞不绝口,2
老先生,2
明星,2
逐个,2
提炼,2
第一名,2
磨合,2
英雄救美,2
教导,2
成就,2
度过,2
有义,2
想法,2
自殺,2
众,2
不在乎,2
解釋,2
梁山,2
小说,2
渲染,2
恰如其分,2
奶奶,2
级别,2
军队,2
虽,2
道歉,2
华北,2
诸多,2
一曲,2
私下,2
不合时宜,2
演活,2
爱国,2
青年,2
演技,2
到位,2
回去,2
博得,2
气息,2
选,2
与其,2
投奔,2
林冲,2
老爷,2
而亡,2
顶天立地,2
夜奔,2
太庙,2
大火,2
审判,2
這本,2
真家伙,2
激烈,2
嫁衣,2
愿意,2
相當,2
刚入,2
程蝴衣,2
争风吃醋,2
精,2
未来,2
形容,2
明天,2
嘛,2
面具,2
同门,2
洞房,2
一会,2
带回,2
不惜,2
逛,2
休息,2
机位,2
以為,2
耳边,2
深,2
一千个,2
随后,2
感覺,2
台前,2
以上,2
雌雄,2
五十年,2
尽量,2
咱们,2
狠,2
贞烈,2
已成,2
声效,2
智慧,2
捍卫,2
概括,2
颇,2
在生活中,2
出戏,2
合約,2
好戏,2
看上去,2
分得清,2
一觉,2
瞪,2
头来,2
单一,2
暖色调,2
總,2
搬,2
石头,2
顺序,2
响,2
做過,2
国人,2
举例,2
只会,2
水,2
婉转,2
八路军,2
結束,2
第六,2
设定,2
进来,2
手部,2
选段,2
意見,2
口红,2
狠狠,2
揽,2
亲,2
发言,2
奔走,2
一张,2
互相,2
连贯,2
不肯,2
怎樣,2
排工,2
将近,2
某些,2
论,2
羅,2
啟銳,2
初次,2
几次,2
有个,2
游行,2
两位,2
哪种,2
沉沦,2
看在眼里,2
从花,2
情敌,2
不弃,2
风格,2
破鞋,2
若谈,2
極為,2
高级,2
子,2
摆脱,2
养活,2
男子汉,2
具象,2
管,2
堂堂正正,2
服务,2
还会,2
一双,2
绣花鞋,2
地位,2
假装,2
畢竟,2
足够,2
世纪,2
段家,2
特質,2
一切都是,2
系列,2
冲上去,2
悬挂,2
戲裡面,2
穿帮,2
破坏,2
成為,2
这帮,2
小赖子,2
逼死,2
一點,2
更替,2
王家,2
教育,2
苦难,2
严酷,2
恰恰,2
乌,2
舍得,2
迫害,2
中间,2
养,2
脚下,2
今后,2
小孩子,2
吸食,2
军,2
丢,2
盖世英雄,2
教训,2
玩乐,2
闹翻,2
大会,2
看清,2
随,2
美化,2
今生,2
婴儿,2
听戏,2
儿,2
为友,2
幻灭,2
看中,2
幸福生活,2
酿成,2
起哄,2
轰然,2
太阳,2
不演,2
一组,2
訪談,2
千万,2
节点,2
今天,2
两重,2
推开,2
也就是说,2
想想,2
太平,2
镜像,2
儿时,2
唱成,2
一代,2
靠着,2
玩物,2
严师,2
表面,2
那坤,2
前世,2
师徒,2
娱乐,2
扮成,2
波折,2
样板戏,2
观影,2
柔弱,2
唱腔,2
特征,2
王,2
均,2
面目,2
剩,2
時間,2
如果说,2
着手,2
介绍,2
一连串,2
第一重,2
质问,2
一二,2
真情,2
铺展,2
交替,2
加深,2
研究,2
這部戲,2
占有欲,2
四人帮,2
观世音,2
二位,2
心裡,2
不言而喻,2
之意,2
显示,2
該,2
年前,2
无量,2
家国,2
妙,2
引,2
那時候,2
愿,2
极广,2
院中,2
对唱,2
整個,2
幾乎,2
风采,2
被捕,2
富贵,2
之余,2
痴恋,2
烟袋,2
五彩斑斓,2
母子,2
决心,2
回花,2
京韵,2
消失,2
扭头,2
戏迷,2
以此,2
粉色,2
不缺,2
油腔滑调,2
画押,2
議題,2
同一个,2
流着泪,2
几番,2
流出,2
立刻,2
英文,2
第二个,2
解释,2
强化,2
二十一年,2
樽,2
撒尿,2
下文,2
手掌,2
女眷,2
有情,2
路,2
蓝色,2
這裡,2
舊,2
为数不多,2
轻浮,2
维护,2
熬过,2
身不由己,2
贫穷,2
簡稱,2
口口声声,2
留意,2
考验,2
破碎,2
跌宕起伏,2
十一年,2
鹰,2
擎着,2
浸水,2
久别重逢,2
角,2
倒叙,2
人事,2
重要性,2
飘飘欲仙,2
时隔,2
用心,2
对戏,2
第一场,2
脑海中,2
驾驭,2
谦恭,2
谄媚,2
拍過,2
而言,2
中國人,2
合唱,2
依靠,2
青楼女子,2
收留,2
渗透,2
混淆,2
以前,2
电影节,2
除此之外,2
很强,2
一束,2
抽,2
绝唱,2
配乐,2
思索,2
特色,2
挽救,2
舞美,2
努力,2
味,2
后期制作,2
不唱,2
捅,2
着火,2
考察,2
给人以,2
构造,2
篇文章,2
买,2
公众,2
信服,2
一是,2
描绘,2
极具,2
人员,2
自打,2
現在,2
之处,2
创作,2
老话,2
强大,2
英雄气短,2
戲的,2
内心深处,2
敬佩,2
洁癖,2
那樣,2
近乎,2
普通人,2
排练,2
展现出,2
拜会,2
不离,2
寻,2
集,2
样子,2
痛惜,2
既有,2
盖,2
久,2
突破,2
无论是,2
饮酒,2
朦胧,2
久久,2
忍不住,2
慨然,2
难过,2
浅谈,2
悲剧性,2
关心,2
高潮,2
风风雨雨,2
首歌,2
泯灭,2
天寒地冻,2
对虞姬,2
切,2
投靠,2
茶壶,2
断指,2
痛打,2
别的,2
距离,2
遥远,2
随便,2
這件,2
频繁,2
安插,2
练戏,2
就此,2
還是,2
者,2
仨,2
总结,2
一分,2
老规矩,2
解放,2
长期,2
决裂,2
嫁给,2
练功,2
有點,2
玩意儿,2
劇本,2
一出场,2
灭亡,2
林黛玉,2
心迹,2
相见,2
契合,2
五七,2
焚烧,2
绣鞋,2
今日,2
干干净净,2
看来,2
回营,2
吓,2
浮萍,2
枕头,2
介入,2
组合,2
抱怨,2
五次,2
从未,2
华语,2
参加,2
計數,2
装扮,2
创作者,2
提名,2
一阵,2
改写,2
无依无靠,2
二胡,2
咿呀,2
穿过,2
伴着,2
影展,2
胜利,2
生动,2
比較,2
近代,2
横跨,2
失魂,2
北洋军阀,2
违背,2
不堪回首,2
般,2
红人,2
呆住,2
這當,2
會有,2
换句话说,2
大门,2
行云流水,2
事儿,2
何尝,2
文学,2
一唱,2
强,2
几分,2
资质,2
犯错,2
画框,2
小子,2
一向,2
退出,2
美学,2
镜中,2
之上,2
梦想,2
周围环境,2
雉鸡,2
尾巴,2
收取,2
那儿,2
这份,2
不堪,2
骨子里,2
审讯,2
玷污,2
阻碍,2
叠印,2
附属品,2
苦苦,2
有限,2
寻找,2
夸口,2
妆,2
无关,2
莫过于,2
妒忌,2
喊叫,2
盲目,2
张宅,2
到底,2
嘟囔,2
疼,2
回营见,2
空洞,2
长长的,2
斜,2
不得,2
庇护,2
奔,2
目标,2
一幕幕,2
标志,2
国民政府,2
送到,2
人情,2
即,2
骚乱,2
众多,2
同学,2
必得,2
画眉,2
敌视,2
沉迷于,2
老爷子,2
忠实,2
抢走了,2
恳求,2
张府,2
趋炎附势,2
成立,2
李隆基,2
兴衰,2
横幅,2
红楼,2
一时,2
不失,2
扮虞姬,2
年少时,2
演唱,2
心愿,2
威严,2
放纵,2
自幼,2
日常生活,2
耍,2
任何人,2
这位,2
众所周知,2
和解,2
油嘴滑舌,2
班,2
不足,2
略显,2
游园,2
到手,2
一刹,2
当晚,2
私情,2
冬天,2
被子,2
全场,2
睡觉,2
对象,2
五,2
仅,2
尿,2
追,2
当场,2
电影院,2
混,2
酒杯,2
窥视,2
暴雨,2
达成,2
那份,2
回身,2
赢得,2
学校,2
哭泣,2
坚定,2
自信,2
高高在上,2
紧紧,2
弑父,2
缩影,2
泼辣,2
反倒,2
敌对,2
久而久之,2
这才,2
痛快,2
编导,2
例如,2
开会,2
舔,2
安定,2
超出,2
躺,2
寻求,2
侵犯,2
无不,2
血污,2
跪下,2
若干年,2
从中,2
不为,2
实实在在,2
言,2
大清,2
滋味,2
民族尊严,2
靠,2
回合,2
走到,2
平淡,2
意见,2
尽现,2
层层,2
精致,2
标签,2
淋漓,2
变味,2
背信弃义,2
谢幕,2
间,2
这件,2
云,2
服饰,2
单独,2
名利,2
菊仙要,2
反,2
较,2
爱恋,2
相,2
玉石俱焚,2
期许,2
累,2
说道,2
争吵,2
遵循,2
深信,2
经受,2
二字,2
深爱,2
唯美,2
把酒,2
喝掉,2
玩,2
无限,2
那般,2
行动,2
演绎,2
看不见,2
即便,2
掌握,2
喜爱,2
艺,2
一股,2
苦涩,2
讨论会,2
改革,2
偏要,2
两码事,2
请求,2
摔门,2
呆,2
扮,2
握,2
纷飞,2
转世,2
发疯,2
赋予,2
燃烧,2
颤,2
至极,2
名妓,2
城府,2
遗憾,2
仅仅,2
陷入,2
欲,2
事实上,2
无力,2
总会,2
焦点,2
房门,2
同等,2
传来,2
热闹,2
小姐,2
多谢,2
某个,2
正像,2
道路,2
贴,2
异常,2
佳人,2
心目,2
抗日,2
投入,2
不容,2
顾,2
相干,2
哪次,2
象征意义,2
一次次,2
颠倒,2
弄清楚,2
追加,2
欣赏,2
不忍,2
器官,2
生殖器官,2
奉献,2
常,2
演完,2
戏装,2
终,2
艺魂,2
艺德,2
逍遥自在,2
注视,2
抢占,2
报应,2
而今,2
故作,2
严厉,2
就算,2
楼上,2
堆,2
剁,2
成分,2
环境变,2
确定,2
生死与共,2
披麻带孝,2
作出,2
变动,2
犹豫,2
落寞,2
刚毅,2
惆怅,2
无边,2
正在,2
疯子,2
避免,2
一人,2
信任,2
挚爱,2
动荡不安,2
历经,2
内心世界,2
地主阶级,2
善良,2
确信,2
突出,2
寂寞,2
江湖,2
庸俗,2
条幅,2
忽然,2
保住,2
信仰,2
大众,2
追随,2
相思,2
通透,2
遭遇,2
温柔,2
游街,2
不杀,2
入侵,2
花旦,2
改造,2
最深处,2
良心,2
爱恨,2
刻骨,2
深化,2
阴柔,2
别姬,2
宣判,2
平民愤,2
东方,2
推出,2
记录,2
充实,2
很惨,2
约,2
满,2
称呼,2
细细,2
力拔山兮,2
拉片,2
无缘无故,2
欺负,2
人士,2
类似,2
罪名,2
消瘦,2
跌宕,2
际遇,2
接拍,2
日,2
唾弃,2
全世界,2
逼出来,2
全套,2
演进,2
摧残,2
接下,2
些,2
作品,2
闯入,2
虞,2
界限,2
悲哀,2
理想主义,2
代表作,2
抽象,2
热切,2
体贴,2
手心,2
氍毹,2
嫌弃,2
路过,2
也好,2
剥夺,2
男生,2
够,2
习惯,2
共存,2
高,2
永恒,2
逼迫,2
摇镜,2
英雄末路,2
压力,2
人间,2
身,2
当众,2
当头,2
高下,2
宋,2
技艺,2
小川,2
控诉,2
相同,2
但于,2
露出,2
基本,2
全,2
纪念,2
配戏,2
出演,2
无辜,2
低,2
奇双会,2
很多年,2
主要矛盾,2
动心,2
镇压,2
随波逐流,2
编剧,2
勾,2
沉迷,2
多出,2
过火,2
专程去,2
男旦,2
指头,2
死后,2
妆容,2
晚上,2
火焰,2
必,2
背,2
剃,2
百万,2
点中,2
生硬,2
该是,2
太后,2
农夫,2
未必,2
委屈,2
乱,2
迈着,2
里头,2
群众,2
蓄,2
全剧,2
羡慕,2
怨恨,2
已死,2
一小,2
勇敢,2
姓名,2
不了,2
不必,2
苍茫,2
严肃,2
化妆师,2
语气,2
人人,2
明确,2
激进,2
讨厌,2
物化,2
戏中戏,2
浮沉,2
慈悲,2
锦袍,2
自保,2
吆喝,2
影碟,2
看透,2
锣鼓,2
坐下,2
胡须,2
悬梁自尽,2
归去,2
堪称,2
追寻,2
尘埃落定,2
原著,2
偶有,2
抬起,2
平时,2
戏梦,2
感谢,2
有過,1
慢走,1
联合,1
左边,1
長,1
覺得導,1
六十年代,1
結尾戲,1
纰漏,1
判斷,1
最靚,1
邀请,1
谈戏,1
演們,1
帶動,1
颇具,1
個性,1
東西本,1
演繹,1
方法,1
戲劇性,1
純粹,1
中起,1
尊敬,1
洋车,1
大拇指,1
起承转合,1
聊天,1
人秀,1
叙旧,1
最純,1
哪儿,1
讲虞姬,1
匆促,1
这妞真,1
证实,1
表達時,1
送礼,1
封,1
而入,1
捧角,1
調子,1
砍掉,1
致敬,1
現代,1
演得靚,1
没影,1
何在,1
划分,1
知識來,1
右手,1
開心,1
厉害,1
錯,1
左手,1
卸妆,1
小指,1
换衣服,1
戲裡,1
無,1
遐想,1
有长有短,1
拿出,1
並不懂,1
手冷,1
按照,1
洒狗血,1
真無邪,1
討論,1
兩,1
那位,1
進度,1
严肃认真,1
瞎,1
隻,1
不願意,1
赎,1
加長,1
露天表演,1
篇幅,1
他並,1
放慢,1
創造,1
漂亮,1
趕,1
計畫,1
內,1
愛,1
弱者,1
人誤,1
兒,1
著墨,1
求婚,1
谈起,1
去化,1
结婚的人,1
妝,1
天下,1
當這部,1
最高潮,1
然後在,1
厲害,1
發展,1
碰撞,1
说戏,1
朴素,1
一事,1
相好,1
不留,1
灰白色,1
娘带,1
打架,1
落實,1
摸脸,1
变黑,1
最偉大,1
場面化,1
凸顯,1
赶,1
名份,1
戲後就,1
兩眼,1
怎么着,1
歌王,1
然,1
對話,1
盲,1
不談,1
衣着,1
十二年,1
超級,1
經極力,1
跳楼,1
凑成,1
高枝,1
要菊仙,1
点名,1
衛在,1
叹服,1
沒得爭,1
没当回事,1
幾場,1
葛新,1
整件事,1
變得,1
激情,1
大喊,1
做出,1
开脱,1
提亲,1
不夠,1
看作,1
關於,1
這點,1
一段时间,1
打擊表現,1
慌称,1
认识,1
經過,1
停下,1
瞎眼,1
澡堂,1
绝妙,1
因勢,1
美术,1
威风八面,1
不妥,1
鱼贯,1
惶恐不安,1
价值连城,1
核心内容,1
功名,1
還必須,1
背词,1
熟练程度,1
指引,1
尼姑,1
平時,1
來給,1
近处,1
在外,1
觀上,1
結合,1
結果,1
很謙虛,1
心急如焚,1
最後一場,1
顺带,1
完小,1
血迹斑斑,1
當然,1
能夠,1
時,1
浴室,1
吊,1
為例,1
试图,1
裸睡,1
份,1
愤而,1
一声不吭,1
责任,1
心安理得,1
質疑,1
生活态度,1
哪裡,1
辅助,1
点将,1
清晨,1
诫,1
變成,1
歌則,1
春秋笔法,1
而陳凱,1
羚子,1
水边,1
实乃,1
赤膊,1
自言自语,1
叫好,1
當年,1
背诵,1
莫屬,1
展現,1
藍波,1
令小,1
確有,1
泡,1
憋,1
有件,1
奇哉,1
一套,1
连成,1
連觀眾,1
愛情,1
第三个,1
嗎,1
前者,1
優,1
引出,1
拉回来,1
越过,1
來表現,1
雷池,1
八,1
威武,1
雄風,1
拳頭,1
胆大,1
幾拳,1
人多,1
拚,1
好吃,1
非別,1
阿諾,1
隔开,1
成名,1
听觉,1
风范,1
帮小,1
逃兵,1
引着,1
洗澡,1
无处不在,1
枕席,1
曾經,1
借着,1
听见,1
成龍,1
之声,1
已經,1
以一個,1
不许,1
露脸,1
渐渐,1
令人信服,1
時有,1
两点,1
而別,1
干脆,1
叫卖,1
差別,1
分別,1
念,1
未果,1
此情此景,1
平添,1
範圍,1
回响,1
宿命论,1
狀況,1
春宫图,1
摇至,1
我無能,1
炕,1
寂寥,1
逼到,1
歐,1
為力,1
雪花,1
解衣,1
末代皇帝,1
你介,1
不介意,1
我問,1
絕對,1
妙笔生花,1
临幸,1
不脫,1
他用,1
极佳,1
一串,1
磨刀,1
得過,1
注意安全,1
爷们儿,1
利導,1
老爹,1
热情高涨,1
割让,1
长大成人,1
很道,1
中國化,1
總是,1
強烈,1
許別,1
可算,1
不靚,1
格履,1
會給,1
給我,1
勁,1
强力,1
西装,1
而要,1
繼續,1
戀是,1
插入,1
相机,1
西方,1
师让,1
集体照,1
载体,1
沒得,1
反串,1
逃出,1
提升,1
尚未,1
构建,1
裡面,1
独白,1
接出,1
這難,1
一部分,1
免會,1
之久,1
劈叉,1
危險,1
秒,1
進戲裡,1
动用,1
安全,1
少掉,1
停留,1
偷工减料,1
尘土,1
拉风地,1
假墙,1
軟性,1
處理,1
我想,1
回访,1
寫,1
睡,1
真剑,1
立体,1
领赏,1
抵賴,1
指指点点,1
技能,1
学到,1
多半,1
背对,1
开窍,1
過去,1
且,1
虐小,1
基礎,1
欺软怕硬,1
投射,1
獲取,1
戀資訊,1
近年,1
現象,1
天命,1
李碧華,1
那個,1
开端,1
敌不过,1
愛慕,1
招呼,1
對象,1
簡約,1
付出,1
恭候,1
风土人情,1
轻声,1
照完,1
影楼,1
艺名,1
粗略地,1
穿插在,1
原音,1
启用,1
情節,1
身临其境,1
犹如,1
字母,1
悲凉,1
标示,1
错综复杂,1
里长,1
一体,1
练习,1
回忆起,1
说唱,1
云雨,1
途中,1
赶往,1
黄包车,1
证明,1
承,1
相后,1
不误,1
行径,1
抢救出来,1
见面礼,1
吟唱,1
一身正气,1
想必,1
意欲,1
生雨,1
坚实,1
风里,1
错落有致,1
两面,1
乐声,1
今昔对比,1
增添,1
萦绕,1
分清,1
发生冲突,1
精雕细琢,1
不如说,1
职能,1
串,1
与其说是,1
略知一二,1
怀有,1
环节,1
硬币,1
一枚,1
搭,1
有时候,1
歌词,1
上文,1
格式,1
荒诞,1
吼叫声,1
发出,1
属性,1
撕打,1
程段,1
配着,1
空中,1
饱受,1
施加,1
必不可少,1
一环,1
床上,1
退至,1
酒过三巡,1
无动,1
调整,1
剪切,1
渺小,1
各有命,1
反复强调,1
会场,1
上纲上线,1
师,1
抠,1
直接参与,1
训斥,1
到来,1
走资派,1
响声,1
放肆,1
不舞,1
不歌,1
碎掉,1
无声,1
举,1
各位,1
化学,1
奇妙,1
看望,1
微观,1
这般,1
告一段落,1
舛,1
地多,1
情怀,1
豪情万丈,1
时代背景,1
立场,1
风起云涌,1
稍微,1
地上,1
砸碎,1
替代,1
柔柔的,1
思想斗争,1
不错,1
屈服于,1
辔头,1
戴上,1
走后,1
晾着,1
纸质,1
资料,1
沾,1
领着,1
开腔,1
首度,1
四旧,1
细细的,1
由四儿,1
调停,1
马屁,1
杯子,1
弟子,1
音响技术,1
屋后,1
打断,1
伞,1
咳嗽声,1
西皮二黄,1
不改,1
有时,1
丧失理智,1
近于,1
声嘶力竭,1
鸡皮疙瘩,1
拍新,1
抢戏,1
拜师,1
死板,1
值得注意,1
分寸,1
层次,1
屡屡,1
风格化,1
灰白,1
上升,1
铺满,1
偏重于,1
总的说,1
刺激,1
而少,1
柔和,1
彩色,1
偏低,1
浓度,1
一大步,1
取代,1
缓慢,1
单个,1
五色,1
能带,1
一趟,1
混用,1
出走,1
两极,1
否认,1
妙笔,1
借鉴,1
冷暖,1
泼洒,1
浓墨重彩,1
中以,1
功不可没,1
说来,1
对比度,1
四季,1
根本性,1
不至于,1
罐儿,1
降低,1
鸟笼,1
小吃,1
城墙,1
四合院,1
街市,1
时代风貌,1
紧密联系,1
生存环境,1
无可替代,1
欠缺,1
不上,1
真实写照,1
过快,1
兴致,1
人文景观,1
来得,1
趣味,1
完成率,1
开来,1
舒展,1
院落,1
局促,1
宽广,1
过场戏,1
长吟,1
内涵,1
亮点,1
不可或缺,1
隐蔽,1
味道,1
十足,1
次要,1
艰辛,1
主线,1
抓小,1
爱不爱,1
前期,1
之深,1
任务,1
深深地,1
自感,1
编,1
得不到,1
刚刚,1
人鬼不分,1
交错,1
吸毒,1
入戏行,1
有力,1
过足,1
戏瘾,1
写照,1
拗,1
登峰造极,1
大风大浪,1
音效,1
乐器,1
打击乐,1
全篇,1
支撑,1
祖国,1
真入,1
旋律,1
微弱,1
一刹那,1
脸来,1
爱恨交加,1
挫折,1
装过,1
平稳,1
复杂程度,1
未知数,1
服装,1
世界观,1
吃掉,1
返回,1
逃走,1
伟大意义,1
描摹,1
调控,1
低位,1
精心,1
顶端,1
略为,1
弱势,1
形式美,1
推,1
实属,1
迥异,1
性格特点,1
美味,1
一以贯之,1
连接,1
耗费,1
详细描述,1
能量,1
乐,1
饱经沧桑,1
挂过,1
旗帜,1
敲击,1
常见,1
几易,1
其手,1
宁静,1
承上启下,1
胚子,1
刀,1
争分夺秒,1
半途,1
开花结果,1
离世,1
全球,1
一百年,1
紀念,1
引进,1
意识形态,1
擔任,1
之邀,1
協會,1
欢庆,1
投降,1
大英,1
應英國,1
意境,1
降临,1
一九九,1
之际,1
猝然,1
去年,1
带徒弟,1
華裔,1
顶撞,1
關於在,1
關鍵,1
極具,1
借以,1
走访,1
任務,1
怀孕,1
製,1
三地,1
兩岸,1
讯息,1
錄片,1
紀紀,1
教养,1
手电,1
回顾历史,1
声涯,1
深度,1
挖掘,1
深广,1
内蕴,1
托起,1
空间感,1
有效,1
劝说,1
几步,1
要挟,1
民族乐器,1
鼓等,1
笛子,1
胡琴,1
如若,1
有机,1
扩大,1
晃,1
多方面,1
下流话,1
談人,1
佳作,1
曲高,1
之心,1
中见,1
通俗,1
综合,1
好言相劝,1
制高点,1
音画,1
充分,1
乱军,1
引人入胜,1
启迪,1
训诫,1
劝戒,1
总共,1
满挂,1
共同完成,1
相伴,1
国旗,1
咖啡,1
香菸,1
影論藝,1
談,1
為主題,1
眉子,1
勾得立,1
藝術,1
飘落,1
更成,1
照旧,1
心弦,1
難得,1
顺利,1
緊扣,1
宣布,1
观音,1
悲劇性,1
阴阳,1
以帶,1
傷害,1
之後受,1
強調,1
裡,1
夜间,1
大声,1
不言自明,1
婚宴,1
拿來,1
辨认,1
递酒,1
影迷,1
氣質,1
憧憬,1
椅子,1
大導演,1
一剑,1
衛等,1
双雕,1
妙哉,1
同意,1
以菊仙,1
津津有味,1
放出,1
列队,1
搶眼,1
处决,1
犯人,1
婚礼,1
演員中,1
此情,1
当即,1
戏衣,1
外套,1
熄灭,1
蛮横,1
带头,1
盡致,1
气愤,1
马上,1
評價,1
輕重,1
舉足,1
國際間,1
等片,1
西毒,1
東邪,1
解释一下,1
跳过,1
四十多,1
用来,1
经理人,1
文,1
转移视线,1
心态,1
本欲站,1
不争,1
起小,1
真话,1
按住,1
存亡,1
溜走,1
笔,1
埋伏,1
性格不合,1
浓,1
不安,1
全脸,1
带走,1
惊吓,1
中喊,1
住,1
花儿,1
烟杆,1
推近,1
战士,1
热烈鼓掌,1
一旁,1
心来,1
喜,1
澎湃,1
留步,1
吓呆,1
更惨,1
二则,1
一则,1
留住,1
快要,1
冰点,1
告诫,1
共产主义,1
发作,1
相框,1
打碎,1
群戏,1
弯,1
拗过,1
听来,1
脏话,1
惩罚,1
含着,1
挖,1
坟,1
晴朗,1
戏选,1
一巴掌,1
进场,1
海洋,1
降到,1
共产党人,1
整场,1
扫入,1
后方,1
小高潮,1
打住,1
立马,1
上往,1
神,1
请安,1
口号,1
先进分子,1
之内,1
毙,1
徜徉,1
衣食父母,1
前路,1
刺,1
挣脱,1
碟,1
殉戏,1
从戏,1
即学戏,1
框架,1
荣辱,1
以小见大,1
借助,1
复现,1
坚称,1
司令官,1
中华人民共和国,1
国共,1
清朝,1
一封,1
政权,1
以程,1
衣,1
家书,1
感情纠葛,1
收,1
不救,1
告发,1
静止,1
传话,1
景,1
痛斥,1
假证,1
精美,1
规则,1
围绕,1
简洁,1
副线,1
两条,1
分分合合,1
细心地,1
撕毁,1
红旗飘飘,1
再会,1
微笑,1
派四儿,1
兵临城下,1
瞎闹,1
地站,1
闹哄,1
哪朝,1
哪代,1
仪态万方,1
太师椅,1
爷,1
街边,1
性格特征,1
算命先生,1
既然,1
地唱,1
指认,1
扇子,1
转折,1
易主,1
数度,1
纷乱,1
眩目,1
搬演,1
提示,1
内因,1
奠定,1
中性,1
长相,1
惯常,1
迷惑,1
做法,1
父母,1
长期以来,1
工作者,1
泣不成声,1
結局,1
唱道,1
关键,1
惊艳,1
独到,1
符号,1
惊诧,1
经典之作,1
艺术品,1
经典电影,1
造化弄人,1
法国,1
当是,1
该片,1
一九九三年,1
一番滋味,1
巨制,1
近代史,1
关键性,1
绽放,1
关键人物,1
鸿沟,1
意外,1
要不然,1
台柱子,1
利益,1
拾,1
各方,1
小四子,1
抗拒,1
分娩,1
唤起,1
条件,1
先天,1
成大器,1
固置,1
屈辱,1
脉络,1
真个,1
母体,1
不下,1
订阅,1
影映,1
终生,1
侠,1
误,1
走一遭,1
容他,1
不吝赐教,1
之作,1
但望,1
高见,1
另有,1
请示,1
后悔,1
误读,1
染透,1
三天,1
一万多,1
原创,1
一见,1
封神,1
书生,1
二十八,1
动力,1
鼓励,1
留言,1
见解,1
酣畅淋漓,1
海涵,1
青涩,1
笔法,1
删除,1
总体,1
赞,1
点个,1
妊娠期,1
子宫,1
推动,1
词遭,1
指是,1
男体,1
十三岁,1
名画,1
壁画,1
妻子,1
识时务,1
攻破,1
直捣,1
内部,1
堡垒,1
施虐,1
搅嘴,1
血性男儿,1
头破血流,1
碰,1
生母,1
十三位,1
奠基人,1
祖师爷,1
基线,1
姬生,1
动因,1
以下几点,1
牡丹花,1
蓄起,1
披头散发,1
符号化,1
例证,1
先上,1
低谷,1
落下,1
缓缓的,1
完夜,1
行前,1
板砖,1
没法,1
解散,1
多重,1
潜意识,1
女身,1
从里,1
大衣,1
暴虐,1
受孕,1
报复,1
团队,1
缓解,1
主创,1
浓烈,1
无意,1
某,1
腥红,1
恨铁不成钢,1
散伙,1
稀烂,1
侮,1
同年,1
嘴巴,1
暂时性,1
吓住,1
围观者,1
口腔,1
救菊仙,1
救场,1
砖头,1
典型人物,1
戏剧性,1
抵抗,1
女贞,1
欺辱,1
变态,1
沦失,1
谐音,1
所评,1
抛砖引玉,1
眉梢,1
可衣,1
气势,1
做戏,1
幸,1
本领,1
彼岸花,1
好日子,1
一技之长,1
人得,1
相思苦,1
实系,1
我华裳,1
已有,1
落幕,1
红颜,1
豪情,1
火丹功,1
仿若,1
各个,1
但愿,1
冰凉,1
雅俗,1
活灵活现,1
神态,1
下功夫,1
何,1
特写镜头,1
聊生,1
近景,1
拿到,1
刀刃,1
公开,1
逞强,1
但求,1
丧犬,1
关头,1
转金炉,1
今儿个,1
疯癫,1
全然,1
悼痴,1
偷懒,1
直,1
无益,1
未妨,1
生死,1
不畏,1
宪兵队,1
难相付,1
怒,1
清狂,1
最有,1
近日,1
高明,1
忽觉,1
不禁,1
新年快乐,1
乐观,1
冻成,1
冰人,1
情思,1
小爷,1
渡,1
斩,1
之罪,1
所幸,1
赶在,1
非战,1
我楚,1
新年,1
此乃天亡,1
贴出来,1
回房,1
权当,1
祝,1
之分,1
贱妾,1
俚俗,1
屏幕,1
他渐,1
掏,1
叹惋,1
一秒,1
汉,1
局外,1
灼烧,1
醉笑,1
意气,1
帘,1
陪君,1
三万,1
虚渺,1
乃至,1
场,1
更显,1
重意长,1
那出,1
似幻,1
似真,1
充其作,1
片面,1
边烧,1
说不出,1
文字,1
寥寥,1
叫做,1
种子,1
发芽,1
无穷,1
而意,1
思,1
难尽,1
有余,1
这倒,1
不诉,1
离伤,1
恋上,1
泪痕,1
湿,1
讲究,1
心恨,1
只道,1
本篇,1
指明,1
少时,1
这堆,1
应,1
背灯,1
生活化,1
阴,1
踪迹,1
极富,1
大王,1
带不带,1
袁某,1
缭绕,1
错看,1
烟雾,1
鱼缸,1
愈发,1
地恨,1
一气之下,1
皮影,1
义无返顾,1
拉门,1
有何,1
懂过,1
欠,1
军营,1
债,1
玄幻,1
真如虞姬,1
出自,1
红楼梦,1
经验不足,1
丑恶,1
环境恶劣,1
夫妻,1
父子,1
情至,1
惨淡,1
性情中人,1
必有,1
稻草,1
辉煌灿烂,1
压死,1
撕开,1
血淋淋,1
挖开,1
爱菊仙,1
适应环境,1
朝代,1
并不比,1
明明,1
赶出来,1
脚丫子,1
我服,1
还原,1
心声,1
观众们,1
楼,1
满地,1
人手,1
跳,1
一本,1
红宝书,1
前景,1
执行者,1
大不了,1
上面,1
以身相许,1
豪气,1
大肆,1
当红,1
三种,1
踩,1
痛骂,1
从小到大,1
打破常规,1
常道,1
平等,1
独立,1
三角,1
股子,1
人为,1
尸体,1
撕下来,1
蜡烛,1
镜,1
人假,1
丧钟,1
灰烬,1
书,1
昨日,1
重现,1
老婆,1
不计前嫌,1
亲人,1
喝醉,1
摇到,1
窗户纸,1
那层,1
捅破,1
装糊涂,1
万世师表,1
牌匾,1
放心不下,1
离间,1
毫无保留,1
下满,1
洗白,1
归来,1
隐线,1
践行,1
增兵,1
父爱,1
家常便饭,1
改朝换代,1
象牙塔,1
大师,1
行当,1
热爱,1
死因,1
崇高,1
内有,1
行业,1
撞见,1
至上,1
价值观,1
嬉闹,1
恋父,1
情结,1
克特拉,1
厄勒,1
称谓,1
代价,1
觉悟,1
祸根,1
薄弱,1
民族意识,1
国界,1
聊,1
路上,1
领头,1
游行示威,1
私,1
二种,1
第一种,1
第二种,1
忠贞不渝,1
分明,1
一员,1
一脚,1
物证,1
第五代,1
用剑,1
高峰,1
要强,1
踢开,1
艺术片,1
红毯,1
婚姻,1
盖头,1
掀开,1
出嫁,1
艺术创作,1
的确,1
主流,1
伤痕,1
脉搏,1
牢牢,1
送伞,1
刚烈,1
打闹,1
情侣,1
一不小心,1
二个,1
全景,1
中景,1
识大体,1
从火,1
戒毒,1
四目,1
松开,1
小女生,1
醒过来,1
为证,1
违心,1
当家作主,1
民国时期,1
敲响,1
捷径,1
刻苦,1
想成,1
碗饭,1
走捷径,1
怕吃苦,1
贪玩,1
殊不知,1
吹牛,1
火坑,1
小四是,1
比菊仙,1
第三代,1
接班人,1
一闪而过,1
执念,1
菊花,1
养大,1
料,1
一手,1
小蛇,1
叛变,1
卖瓜,1
寓言故事,1
指出,1
当作,1
天份,1
除去,1
蛇,1
师出,1
差不多,1
无情无义,1
棺材,1
只盖,1
当不了,1
条,1
心太急,1
离经叛道,1
北洋,1
毫不掩饰,1
愤愤,1
认出,1
着程,1
二是,1
二重,1
拨乱反正,1
损失,1
明线,1
毫不犹豫,1
线索,1
贯彻,1
中剑,1
回归,1
江,1
唏嘘,1
行客,1
各唱,1
失传,1
消亡,1
腐朽没落,1
纽带,1
维系,1
后继无人,1
新文化,1
看成,1
博弈,1
信号,1
时局,1
传递,1
大街,1
先死,1
间接,1
老祖宗,1
原状,1
呼吁,1
养育,1
却说,1
举报,1
手电筒,1
之师,1
溃败,1
女诗人,1
欺压百姓,1
组织纪律,1
戏场,1
捣乱,1
花蕊,1
师门,1
夫人,1
当权者,1
致死,1
娱乐性,1
看热闹,1
外行,1
一语道破,1
五代,1
负心,1
大麻,1
唱功,1
气焰嚣张,1
地步,1
炉火纯青,1
高度,1
景物,1
衬托出,1
串联,1
黑白,1
吃人不吐骨头,1
逃不过,1
大部分,1
拷问,1
有序,1
纪律,1
下降,1
糟践,1
称为,1
写道,1
诱导,1
档期,1
空,1
私欲,1
资深,1
息息相关,1
诗句,1
浩劫,1
假话,1
中小,1
问得,1
当夜,1
捡回来,1
认不出来,1
不爱,1
艰苦,1
能不亡,1
美好事物,1
汤显祖,1
满足感,1
莎士比亚,1
发人深省,1
君王,1
城上,1
竖,1
言过,1
降旗,1
深宫,1
十四万,1
齐解甲,1
借用,1
毫不,1
自私,1
来求,1
挠,1
此类,1
忧伤,1
不欠,1
對異,1
思路,1
看戲,1
間,1
可不可能,1
情浓,1
心有,1
性戀,1
放在,1
真不知道,1
几时,1
心动,1
炽烈,1
當時,1
归依,1
高一,1
组织,1
轉得夠,1
读来,1
诗词,1
只影,1
语,1
舒,1
渺,1
單戀段,1
改變,1
戲份,1
加重,1
万里,1
單戀,1
考慮,1
探索,1
层云,1
千山,1
這雖然,1
暮雪,1
情窦初开,1
前卫,1
小說,1
六十,1
各種,1
演過,1
飾,1
餘部,1
读,1
脔,1
童,1
触目惊心,1
宣传,1
宝玉,1
以來,1
從影,1
秦钟,1
同窗,1
完蛋,1
發來,1
近幾年,1
扎實,1
而現,1
接演,1
熙熙攘攘,1
框框,1
跳出,1
少男少女,1
中國導演,1
相似,1
並不熟識,1
在此之前,1
老老实实,1
行不通,1
钟头,1
五年,1
早個,1
時機,1
长河,1
应有,1
出來,1
来袭,1
脱网,1
我身,1
調整,1
市場,1
获一雁,1
顧慮,1
矣,1
談到,1
剛剛,1
思維風格,1
應,1
放不開,1
悲鸣,1
竟自,1
欽慕,1
之間,1
投于,1
著重,1
的關,1
捕雁者,1
係,1
痴傻,1
洋洋洒洒,1
血,1
频率,1
鲜红,1
最先,1
出错,1
古时,1
元好问,1
著诗,1
这全,1
关乎,1
道逢,1
探討,1
最愛看,1
连雁,1
今事,1
君,1
舒不,1
腳,1
綁,1
綁首,1
起來,1
几回,1
寒暑,1
告訴,1
用小說,1
直教,1
三者,1
欢,1
乐趣,1
談過,1
盡然會,1
别离,1
儿女,1
無法放,1
開來作,1
電影來,1
老翅,1
陸導演,1
中國大,1
火花,1
生死相许,1
擦,1
觀點,1
盡量,1
天南地北,1
收回,1
之後變,1
双飞,1
現,1
地表,1
客,1
義無反顧,1
友谊,1
周潤,1
隐藏,1
阿尊談,1
重重的,1
過頭,1
尽失,1
极尽,1
每当,1
暗恋,1
出現,1
無法,1
主义,1
條件,1
一同,1
當初,1
极简,1
人爭,1
厭惡,1
爭過,1
无数遍,1
來演,1
六個,1
學,1
無論,1
陰柔過,1
眼眶里,1
苦的戲,1
拍起,1
打转,1
認份,1
映出,1
明灭,1
不说,1
亮,1
林忆莲,1
那首,1
当爱已,1
轰轰烈烈,1
其實並,1
爭,1
玩味,1
消退,1
充盈,1
四通八达,1
尊龍來,1
举一反三,1
請過,1
經邀,1
執行,1
我應,1
開始,1
极好地,1
四平八稳,1
對立,1
雖然,1
纯属,1
差異,1
个人观点,1
飾演,1
可不可以,1
客觀,1
强度,1
目前为止,1
會大過,1
意識,1
能表現,1
质量,1
甚高,1
優點,1
纵横交错,1
相扣,1
非常复杂,1
融为,1
尊龍,1
談談,1
一炉,1
奇观,1
外型,1
看起,1
英氣,1
线条,1
先生,1
青砖,1
碧瓦,1
現關,1
未出,1
選擇,1
咿咿呀呀,1
靈魂,1
選過,1
看得出,1
小動作,1
亙動,1
當事人,1
完完全全,1
迷住,1
明言,1
大院,1
提,1
買票,1
進戲院,1
請,1
賭,1
我敢,1
勝任,1
議論,1
個別,1
情欲,1
小小,1
脑瓜,1
与其说,1
不如说是,1
很悶,1
方宅,1
人覺,1
接收,1
前輩們,1
拜訪,1
不說,1
夢,1
醉生,1
積極,1
河流,1
悲劇型,1
满脸,1
極其,1
眾會,1
許多觀,1
心碎,1
身旁,1
沒事,1
勝過,1
握住,1
挑,1
偷偷,1
真切,1
死地,1
理解力,1
師兄,1
总活,1
掩藏,1
清清楚楚,1
人將,1
發生,1
相互指责,1
烧成,1
戲曲,1
發現,1
鬼,1
伤痕累累,1
先驅,1
奄奄一息,1
戀發展,1
不理,1
一排,1
情海,1
祥和,1
不谈,1
涵盖,1
空无一人,1
便会,1
阵痛,1
一度,1
消沉,1
跨度,1
身心,1
乏味,1
俱痛,1
哭喊,1
生之,1
留白,1
痛楚,1
脆弱,1
大片,1
多许,1
举刀,1
密切相关,1
冬日,1
瘦弱,1
从始,1
情愫,1
可看,1
观看,1
一笑一颦,1
千转,1
百回,1
理喻,1
听说,1
中学,1
严谨,1
心事,1
孤苦,1
严寒,1
骤然,1
迷乱,1
戏流,1
此景,1
大气,1
刚强,1
缺陷,1
偷跑,1
不约而同,1
跟定,1
冰天雪地,1
已故,1
几经,1
名扬,1
小小的,1
同地,1
沉醉在,1
抹头,1
疼惜,1
他常,1
结构紧凑,1
而人设,1
多难,1
小便,1
沉浮,1
洪流,1
置身,1
可见一斑,1
带来,1
上苍,1
群体,1
娇柔,1
当政者,1
成角后,1
灵秀,1
多劫,1
由人来,1
赘述,1
不胜枚举,1
小男孩,1
美艳,1
再评,1
无论如何,1
时光,1
没事,1
幼稚,1
在意,1
沉浸于,1
隐隐,1
寻觅,1
压,1
取向,1
以慰,1
空寂,1
筹码,1
弹琴,1
人情冷暖,1
净手,1
见够,1
大嫂,1
真以,1
本事,1
脾气,1
郁郁,1
走时,1
讨婚,1
光脚,1
终日,1
独饮,1
需注意,1
生念,1
这才断,1
独思,1
独醉,1
心灰意冷,1
忍让,1
难事,1
勾心斗角,1
于菊仙,1
究其原因,1
安慰,1
采风,1
表白,1
迸发,1
平衡,1
嫁接,1
这情,1
陪伴,1
罚,1
受苦,1
打扮,1
这痴,1
旧事,1
婉柔,1
多方,1
递进,1
发生变化,1
盘膝而坐,1
走入,1
紧拥,1
世事,1
犯时,1
记恨,1
百般刁难,1
不外乎,1
所谈,1
之名,1
焚香,1
扣,1
此琴,1
可终,1
洗漱,1
他活,1
关灯,1
年复一年,1
每日,1
标志性,1
时入,1
从那时起,1
脆弱不堪,1
成灰,1
循,1
范范,1
茫然,1
荒谬,1
浅尝辄止,1
灵光,1
单写,1
有口难言,1
既怕,1
悲戚,1
可谈处,1
切口,1
无从下手,1
小至,1
眉目之间,1
往日,1
高妙,1
层面,1
平复,1
细看,1
折射,1
甘愿,1
地随,1
至死不降,1
大处,1
傲气,1
同生共死,1
干系,1
难分,1
之事,1
山崩地裂,1
寂寂,1
之变,1
那句,1
大到,1
凡世,1
这得,1
牛鬼,1
追忆,1
凄惨,1
狗血淋头,1
疯狗,1
以虞姬,1
深切,1
世人,1
亲密,1
这人,1
生生死死,1
屋里,1
雨夜,1
今生今世,1
热热闹闹,1
痴人,1
融进,1
没错,1
他望,1
地死,1
抓不住,1
仍觉,1
三遍,1
凡人,1
堆里,1
当虞姬,1
涌现,1
天崩地裂,1
对心,1
难道,1
落得,1
沉痛,1
心智,1
契合点,1
爱是,1
我醒,1
合乎,1
常理,1
弃,1
娇媚,1
宽阔,1
愈加,1
天地,1
架构,1
动人心弦,1
转折处,1
否定,1
进而,1
纠结,1
变为,1
鲜明对比,1
孤寂,1
如虞姬,1
或多或少,1
快乐,1
因果,1
人生路,1
窄,1
多为,1
闲暇,1
无法弥补,1
得边,1
激动,1
时看,1
许,1
最重,1
意向,1
童话,1
轻笑,1
沉默,1
沉积,1
似火,1
偷溜,1
吸引,1
时小,1
似,1
点明,1
款款深情,1
赢,1
首尾相连,1
浅析,1
表现力,1
单,1
输,1
憾恨,1
戏来,1
倾其,1
心如刀割,1
观后感,1
哲思,1
夺走,1
鉴赏,1
决意,1
总而言之,1
其间,1
补足,1
落入,1
带给,1
污流里,1
眼球,1
吊着,1
回声,1
目不暇接,1
沉醉,1
余之处,1
缀,1
厌恶,1
偷走,1
环环相扣,1
易懂,1
善感,1
谁错,1
悬念,1
回味无穷,1
陶醉,1
呼唤,1
迷情,1
麻醉,1
缺失,1
独角戏,1
献身,1
女主角,1
互动,1
精神状态,1
剧目,1
需求,1
借酒浇愁,1
排他性,1
说好,1
腰,1
环抱,1
化妆间,1
破身,1
措手不及,1
防备,1
杨贵妃,1
打出,1
脚边,1
代言人,1
先说,1
疲累,1
狼狈,1
推引,1
牵扯,1
几种,1
可怜,1
小四则,1
各色,1
手握,1
不单是,1
过不去,1
明晃晃,1
短语,1
矫情,1
肉身,1
杨妃,1
失意,1
无法自拔,1
幻影,1
定位,1
无需,1
神经,1
痛觉,1
宫廷,1
小太监,1
在精神上,1
女魂,1
男身,1
进展,1
始终认为,1
上瘾,1
状,1
目睹,1
咔,1
纯洁,1
胡说,1
中央,1
叱咤,1
回复,1
麻木,1
一刀,1
仪式,1
男变女,1
迷幻,1
愿望,1
推力,1
转化,1
实施者,1
自我意识,1
化为,1
重复,1
观念,1
众人皆知,1
家喻户晓,1
背台词,1
从头越,1
迈步,1
真如铁,1
漫道,1
雄关,1
极大,1
一语,1
箴,1
现实生活,1
互相攻击,1
怜悯,1
发泄,1
达到高潮,1
攫取,1
强暴,1
政治势力,1
夫妻生活,1
怀中,1
尖锐,1
仙拥,1
全身,1
转折点,1
磨人,1
软刀子,1
抵制,1
兼容,1
恳请,1
温软,1
悲悯,1
京胡,1
伴奏,1
上要,1
能接,1
收容所,1
红袍,1
菊仙想,1
浪潮,1
霞帔,1
四次,1
苦心经营,1
新婚,1
声调,1
歌曲,1
电台,1
凸显,1
情韵,1
饱含,1
优美,1
蔑视,1
格局,1
最不为,1
分裂,1
去世,1
推使,1
之手,1
大获全胜,1
假如,1
肆意,1
放逐,1
安乐,1
一时期,1
趋势,1
抚慰,1
初访,1
范围,1
弱化,1
恰好相反,1
驱使,1
归结,1
人力,1
交接,1
严丝合缝,1
迷奸,1
顶,1
总的说来,1
羞耻,1
人情味,1
缺憾,1
个人感觉,1
揭发出,1
母,1
父,1
弑,1
走上,1
做爱,1
领略到,1
袁世清,1
高喊,1
四只,1
嫁,1
水盆,1
清白,1
波澜不惊,1
签约,1
喧闹,1
常识,1
善于,1
根基,1
空气,1
漂浮,1
慌乱,1
侵华,1
烦扰,1
潜心,1
旗子,1
到达,1
入境,1
其形,1
知其声,1
辞世,1
衣领,1
蝶,1
地狱,1
被动,1
封建残余,1
从头至尾,1
干扰,1
头脑发热,1
行而上,1
学术界,1
固有,1
革,1
图钉,1
洒满,1
无聊,1
时不时,1
日寇,1
时间性,1
转,1
车轮,1
短暂,1
随时,1
舆论,1
无国界,1
幸免,1
打下,1
碾死,1
名流,1
为所欲为,1
遗忘,1
混沌,1
干过,1
卖烟,1
神智不清,1
贫苦,1
买烟,1
却成,1
呼风唤雨,1
游刃有余,1
向前,1
欢乐,1
荣誉,1
并不一定,1
震惊,1
愣住,1
入场,1
但他却,1
无法挽回,1
创痛,1
中人,1
微乎其微,1
关照,1
各个方面,1
幻觉,1
知音,1
徘徊,1
特性,1
母爱,1
人影,1
空荡荡,1
京,1
哄,1
时菊仙,1
对视,1
失败者,1
战斗,1
最最,1
来讲,1
手中,1
把握住,1
漂泊,1
缘于,1
宽容,1
澹然,1
喝止,1
死去活来,1
宽厚,1
心地,1
胆色,1
强烈要求,1
不祥,1
营救,1
家庭,1
手腕,1
轻视,1
不幸,1
幸运,1
愚昧,1
四所,1
宽慰,1
八面玲珑,1
推向,1
深渊,1
害,1
坦然,1
沉溺在,1
醒悟,1
恍然,1
那刻,1
接口,1
甜酸苦辣,1
再度,1
妻,1
决断,1
自身难保,1
偶像,1
毁灭性,1
遭受,1
深邃,1
欲罢不能,1
无悔,1
不自禁,1
正能,1
终在,1
收场,1
毫不客气,1
谬论,1
大手笔,1
拍不出,1
偏见,1
国产电影,1
真真假假,1
呈,1
恚,1
割舍,1
憎,1
怨,1
离,1
孤零零,1
重演,1
一幅,1
主人,1
事上,1
高雅,1
哀怨,1
轻柔,1
无一,1
最难,1
受伤者,1
以至于,1
生出,1
安静,1
恭贺,1
抢去,1
执迷不悔,1
倾倒,1
本是,1
昔日,1
确切,1
并不知道,1
心甘情愿,1
坤角,1
牵,1
人心,1
院线,1
艺员,1
吞了下去,1
即刻,1
纸,1
挥舞,1
全体,1
群众演员,1
剧院,1
洗脸,1
今晚,1
抹脸,1
不好意思,1
连续,1
喷泉,1
好似,1
演得,1
喷,1
一大口,1
拍时,1
正式,1
喷些,1
重拍,1
太狠,1
悄悄,1
先拍,1
之威,1
全无,1
立在,1
你一言我一语,1
亲亲热热,1
任由,1
入戏,1
扭捏,1
前边,1
削去,1
就是说,1
同一,1
经费,1
节省,1
拍好,1
一回,1
没关系,1
肉,1
随意,1
戏时,1
戏试,1
十五分钟,1
蹂躏,1
凌乱,1
建议,1
回放,1
劫后余生,1
城,1
兵入,1
拍成,1
只学,1
吐口,1
折子戏,1
共演,1
结交,1
上前,1
大吃一惊,1
过戏,1
没学,1
回答,1
表示同意,1
亲自出马,1
一口,1
胭脂,1
往,1
香港媒体,1
据,1
拨开,1
伸手,1
讲完,1
盯住,1
一动不动,1
听讲,1
停下来,1
花絮,1
你别,1
血痕,1
几缕,1
恰如,1
杂乱,1
抹,1
细声,1
细语,1
插话,1
同志,1
吻合,1
选中,1
独具慧眼,1
洒脱,1
真挚,1
仪,1
豪爽,1
谢绝,1
人选,1
影响力,1
看好,1
最早,1
鲜为人知,1
原定,1
头像,1
封面,1
境外,1
大幅度,1
粗豪,1
硬朗,1
眼角,1
俗,1
箱子,1
非人生活,1
去过,1
捏一把汗,1
北上,1
搭档,1
配合默契,1
吸烟,1
扭,1
不像,1
潇洒,1
谈到,1
汉子,1
五尺,1
堂堂,1
十几年,1
演了,1
最强,1
影星,1
没人,1
夸奖,1
亲兄弟,1
处得,1
同岁,1
玩笑,1
多一些,1
赏识,1
加,1
适应,1
故意,1
市场,1
大笑,1
转过,1
别介,1
撞,1
火往,1
不觉,1
旁若无人,1
搭理,1
似的,1
他俩,1
本命年,1
特意,1
演菊仙,1
进战,1
张,1
法官,1
庭审,1
跟班,1
擎伞,1
吴大维,1
头目,1
黄磊,1
嫖客,1
客串,1
祝贺,1
吃惊,1
大一岁,1
避邪,1
腰带,1
人学,1
搭戏,1
公司,1
无踪,1
甚远,1
相差,1
小生,1
英气勃勃,1
轻松,1
看样子,1
捉迷藏,1
玩起,1
无影,1
太粗,1
严密控制,1
行踪,1
摄制组,1
国内,1
作战,1
疲劳,1
一长,1
出棚,1
眉毛,1
太直,1
丑,1
梁朝伟,1
行走,1
须根,1
青色,1
掩盖,1
涂粉,1
刮,1
山羊胡,1
络腮胡,1
脸颊,1
这回,1
长满,1
瘦,1
健身,1
常年,1
体型,1
形状,1
纤秀,1
修剪,1
二点,1
十一,1
棚,1
从此以后,1
寄,1
一辑,1
杂志,1
下决心,1
依然如故,1
打折,1
贺岁,1
每年,1
感恩,1
半进,1
少见,1
商业,1
大度,1
太好了,1
此戏,1
鼓动,1
大力,1
限制,1
陈大,1
面谈,1
力请,1
那辑,1
十点,1
上午,1
马不停蹄,1
学习,1
步法,1
眼,1
要学,1
弦,1
大相径庭,1
名师,1
拜,1
业余,1
造手,1
立,1
惊梦,1
近似,1
梅兰芳,1
坐立,1
改,1
段时间,1
他强,1
误为,1
老头儿,1
有点儿,1
不住,1
绷,1
点儿,1
瞧瞧,1
医务室,1
声儿,1
通不过,1
疼得,1
板子,1
真到,1
我来,1
光屁股,1
脱裤子,1
主张,1
象,1
乐得,1
拍手叫好,1
声明,1
四十岁,1
号称,1
名家,1
扮演者,1
高力士,1
友好,1
默契,1
由此可见,1
状道,1
长衫,1
合格,1
打得,1
较轻地,1
刑具,1
举起,1
重重地,1
师传,1
方可开,1
出挺大,1
好几遍,1
紧,1
举手投足,1
随和,1
影视剧,1
得意,1
妖精,1
极了,1
佩服,1
训练有素,1
活脱,1
酸溜溜,1
打打,1
娇滴滴,1
扭着,1
天皇巨星,1
誉为,1
港人,1
叉开,1
大大咧咧,1
双腿,1
按时,1
到场,1
从不,1
耽误,1
可真,1
敬业,1
可爱,1
长得,1
戏校,1
小演员,1
幼年,1
两拨,1
走火入魔,1
全身心,1
局部,1
通心,1
替身,1
不请,1
胳膊,1
脚步声,1
赶上,1
虚无,1
急急忙忙,1
药品,1
挑不出,1
万古,1
看个,1
看不到,1
服从,1
陌生,1
相爱,1
依旧,1
人好,1
缠绵,1
一啼,1
抵死,1
煎熬,1
妒恨,1
痴缠,1
不可理喻,1
多于,1
化身,1
倾城,1
春,1
万古愁,1
双,1
两三个,1
活生生,1
攻城掠地,1
翻山越岭,1
分花拂柳,1
空无一物,1
千军万马,1
穿梭,1
龙套,1
全在,1
此境,1
魂,1
浸淫,1
这门,1
容貌,1
不仅仅,1
莫有,1
此貌,1
非你莫属,1
中一顾,1
赠,1
狂言,1
送与,1
弄到手,1
周折,1
时费,1
败落,1
此剑,1
其意,1
已知,1
那剑,1
许下,1
不知死活,1
宅,1
跑题,1
多嘴,1
摧折,1
屡遭,1
救赎,1
交缠,1
生生,1
张扬,1
狂傲,1
市恩,1
缓而沉,1
疾苦,1
要么,1
清高,1
人间烟火,1
不食,1
过来人,1
富贵浮云,1
尝过,1
身家,1
若干,1
拥,1
敢,1
亦可,1
资本,1
傲得,1
狂得,1
语调,1
演尽,1
才子佳人,1
帝王将相,1
着实,1
终其一生,1
平常,1
正常,1
常人,1
顺应潮流,1
大势所趋,1
隔膜,1
人世,1
物质,1
独排众议,1
并不相同,1
认准,1
愤然离去,1
要死,1
幽幽,1
闭门不出,1
政治化,1
化,1
凭借,1
天赋,1
抵达,1
真义,1
霓裳,1
共荣,1
东亚,1
悬,1
日军,1
拣,1
姑且,1
于戏,1
承不承认,1
答不答应,1
不论,1
唯,1
愿作,1
焚炼,1
一类,1
他会,1
绝然,1
粗糙,1
实行,1
悲欢离合,1
垂海立,1
自身,1
自恋,1
倒影,1
为戏,1
无可,1
打滚,1
登上,1
痴狂,1
电光石火,1
凄喊,1
相逢,1
乍,1
入魔,1
几近,1
台上台下,1
可遇,1
摸不着,1
幻术,1
分不清,1
节制,1
毁,1
爱欲,1
似地,1
评价,1
用以,1
本相,1
恰,1
本义,1
疑为,1
两三,1
不大,1
概率,1
棋逢对手,1
除非,1
必定会,1
会爱上,1
照样,1
艺境,1
高超,1
从活,1
企图,1
飘飘,1
津津,1
头子,1
会道门,1
心想,1
生疯,1
穷极,1
且莫,1
人民政权,1
垂涎,1
门牙,1
领导,1
獐头鼠目,1
可不是,1
夜明珠,1
滴溜溜,1
心坎,1
剩在,1
陡然,1
过滤,1
小老婆,1
诸般,1
伸入,1
别有天地,1
有钱人,1
头面,1
钻石,1
珍珠,1
白晃晃,1
盒子,1
蝴蝶,1
薄礼,1
望定,1
一一道来,1
双双,1
镜里,1
脉脉,1
溶溶,1
花香,1
月朗,1
时节,1
满堂彩,1
脑中,1
拿来,1
余暇,1
破天荒,1
似欲乍生,1
幻丽,1
倒转,1
李氏,1
红茶,1
棉被,1
正版,1
地买,1
向往已久,1
好色之徒,1
耿耿于怀,1
片段,1
几眼,1
瞥,1
电视,1
略有,1
东鳞西爪,1
名作,1
心髓,1
俱碎,1
柔,1
刚柔相济,1
若干天,1
脑震荡,1
坠物,1
高空,1
人居,1
不巧,1
乍梦乍醒,1
剧撼,1
波一波,1
热,1
暖,1
窝,1
阿弥陀佛,1
万劫不复,1
迷得,1
柔情,1
侠骨,1
挥金如土,1
常情,1
见得,1
打过,1
原则,1
有所不为,1
满心,1
纵是,1
裂痕,1
卑鄙,1
学会,1
滚来,1
咀嚼,1
皮肤,1
照面,1
当亦比,1
求欢,1
求爱,1
人道,1
苦乐,1
坎坷,1
蠢物,1
横里,1
插进来,1
男欢女爱,1
鸳鸯,1
形影,1
互为,1
身影,1
映照,1
那面,1
漆黑,1
满目,1
散落,1
一头,1
凄迷,1
艳丽,1
未卸,1
椅上,1
仰,1
云烟,1
化作,1
畸梦,1
滥淫,1
之欢,1
豪奢,1
经,1
躬身,1
脱帽,1
当下,1
心明眼亮,1
反角,1
厌,1
惹,1
场戏,1
拒,1
只知,1
舍下,1
遮遮掩掩,1
冲着,1
手面,1
赏戏,1
老人家,1
老佛爷,1
气魄,1
彬彬,1
退,1
半句,1
废话,1
不馁,1
不燥,1
焦,1
场中,1
掳获,1
淡然,1
阴险,1
老谋深算,1
飞不走,1
只蝶,1
拿准,1
笃定,1
自有,1
稀罕,1
这份儿,1
涵养,1
暴跳,1
羽衣,1
旋转,1
恐怖,1
极度,1
泪水,1
榨出,1
榨汁机,1
高贵,1
卑劣,1
倾轧,1
碾压,1
灭裂,1
置于,1
血腥,1
癫狂,1
无言,1
功过,1
落尽,1
繁华,1
诅咒,1
自主,1
世情,1
闻到,1
芳香,1
眼睁睁,1
姬,1
为求,1
定格,1
胭脂红,1
朱唇,1
凤眼,1
凄艳,1
溶化,1
雨水,1
演别,1
打着,1
中持,1
大雨,1
电闪雷鸣,1
罪孽,1
奢靡,1
纷红骇绿,1
想着,1
锣鼓点,1
振臂高呼,1
这戏,1
步伐,1
摁,1
取消,1
叉,1
血红,1
名牌,1
姓,1
耻辱,1
插,1
颈后,1
瘦长,1
王者,1
高高的,1
一滴,1
预知,1
留恋,1
眼光,1
侮辱,1
唾骂,1
齑粉,1
几分钟,1
残喘,1
一具,1
任意,1
姿势,1
无缘,1
痴爱,1
刑场,1
押赴,1
抬首,1
昂然,1
骂声,1
沸腾,1
人脸,1
撕裂,1
洪亮,1
可怕,1
低下头去,1
卑微,1
行尸走肉,1
轻侮,1
无可厚非,1
终极,1
共生,1
打算,1
依偎,1
窗子,1
黑夜,1
感人,1
几大,1
难寻,1
现世,1
徒羡,1
抹脖子,1
视死如归,1
天天向上,1
宁作,1
倘,1
男是,1
不论是,1
所爱,1
敏于,1
似发,1
搂,1
爱护,1
放走,1
不舍,1
毒打,1
天天,1
我成,1
最深,1
变现,1
亲昵,1
倾向,1
女形,1
学得,1
女腔,1
青衣,1
总在,1
亲情,1
相互,1
毋庸置疑,1
烫,1
总唱,1
心细,1
儿女情长,1
研丹擘,1
茶饭,1
英雄式,1
末路,1
看重,1
一掷千金,1
所求,1
承受,1
天年,1
妻小,1
荒凉,1
磐石,1
追问,1
瓦,1
玉碎,1
好下场,1
夺,1
坚,1
赤,1
石,1
具备,1
定义,1
姬爱上,1
错过,1
轻轻地,1
缱,1
心似,1
偶然间,1
猝不及防,1
国度,1
刻画出,1
肢体,1
身躯,1
高瘦,1
顿挫,1
焦不躁,1
拿捏,1
定型,1
地变,1
同步,1
不定型,1
碎为,1
芥尘,1
风华,1
大起大落,1
超脱,1
淡眉静目,1
富,1
耐得,1
贫,1
守得,1
寻常事,1
方唱,1
渐进,1
高绝,1
实力,1
底子,1
强撑,1
死要面子,1
不似,1
负气,1
尚,1
余威,1
蝇营狗苟,1
天生,1
豪杰,1
折倒,1
一字一句,1
紧跟着,1
流露,1
不动声色,1
性子,1
吃醋,1
通部,1
折,1
任性,1
贵秉,1
有血有肉,1
切切,1
时机,1
危急,1
明净,1
世路,1
智者,1
强者,1
大约,1
时移世易,1
鸟,1
舞步,1
演给,1
主沉浮,1
风云突变,1
分神,1
瞬地,1
目不稍,1
包厢,1
停滞,1
绝美,1
几只,1
未尽,1
顾及,1
喧哗,1
骤灭,1
灯,1
撒,1
忽地,1
头顶,1
献祭,1
敬重,1
中为,1
买笑追欢,1
喂,1
全归,1
兄弟俩,1
相救,1
拜访,1
惊人,1
受审,1
掌权,1
激动不已,1
茶杯,1
攥,1
被窝,1
四起,1
复明,1
独舞,1
惺惺相惜,1
浮躁,1
背面,1
速战,1
抽丝剥茧,1
偶,1
罪大恶极,1
干,1
看不出来,1
分子,1
反革命,1
光华,1
夺星,1
睁眼,1
不见得,1
若处,1
猛兽,1
昏睡,1
耀眼,1
大局,1
可托以,1
性命交关,1
中流砥柱,1
大节,1
鱼肉百姓,1
词语,1
鱼肉,1
法,1
巨力,1
众叛亲离,1
受不了,1
不好受,1
死法,1
与否,1
冤枉,1
认了,1
谁是谁非,1
苍生,1
翻云覆雨,1
更迭,1
易色,1
死得,1
五花大绑,1
声中,1
定名,1
临,1
想见,1
程以,1
震,1
专门,1
国剧,1
污蔑,1
竟成,1
何以,1
国学,1
程所唱者,1
声息,1
大谬,1
欢爱,1
实为,1
栏杆,1
猛拍,1
静寂,1
方才,1
指控,1
记,1
原文,1
咬文嚼字,1
沉沉,1
满场,1
中硬,1
畸变,1
调情,1
诱惑,1
讨好,1
晚,1
从朝,1
正事,1
没干过,1
大呼小叫,1
龙虎,1
掉书袋,1
极慢,1
极缓,1
偏是,1
威,1
猛,1
烈,1
公用,1
库,1
剑时,1
一重,1
卖身契,1
用带,1
卖掉,1
成不了,1
此指,1
生殖器,1
这根,1
胁迫,1
只不过,1
艺术化,1
引号,1
跟随,1
对准,1
聚光灯,1
隧道,1
通道,1
那条,1
走过,1
不见踪影,1
写意,1
研讨会,1
杆,1
破处,1
汩汩,1
嘴角,1
只见,1
停,1
雄性,1
杵,1
使劲儿,1
直白,1
下雪,1
彻彻底底,1
生理,1
得通,1
进一步,1
男女之间,1
突如其来,1
这雪是,1
征兆,1
真亦幻,1
打光,1
唯唯诺诺,1
红遍,1
哥俩,1
画外,1
其人,1
不见,1
只闻其声,1
干什么,1
讯问,1
等待,1
无人,1
从容不迫,1
彩排,1
年迈,1
圈,1
绕,1
通通,1
八大,1
变味儿,1
英雄美人,1
情义,1
校准,1
改大,1
唱过,1
地疼,1
创伤,1
翻篇,1
零点,1
某日,1
某年某月,1
没好,1
好了吗,1
这步田地,1
默许,1
参与,1
人闹,1
荒唐,1
之所以,1
两句,1
不该,1
见过面,1
暴力行为,1
忽视,1
封闭,1
别看,1
烈女,1
大肚子,1
围殴,1
求情,1
翻过,1
此生,1
水火,1
上势,1
中留,1
名号,1
女大,1
跟关,1
什么样,1
下场,1
女儿身,1
夹杂,1
第二重,1
破灭,1
阳刚,1
自叹不如,1
怒气,1
发在,1
尊贵,1
争论,1
第二,1
其一,1
视,1
敬仰,1
表明,1
另一组,1
脱掉,1
这双鞋,1
那双,1
桌子,1
淡淡,1
定情,1
不堪一击,1
独处,1
共享,1
摘掉,1
啪,1
高压,1
将会,1
当戏,1
世间,1
令人惊叹,1
视虞姬,1
强迫,1
性质,1
洗脑,1
印证,1
篡改,1
把门,1
最爱,1
切断,1
戗,1
忘不了,1
一旦,1
差错,1
半点,1
容不得,1
夹,1
衡量,1
写出,1
显眼,1
地进,1
清清白白,1
脚,1
双鞋,1
脚上,1
上桌,1
看菊仙,1
叫法,1
破,1
那鞋,1
风吹日晒,1
招牌,1
家门口,1
八大胡同,1
窑姐儿,1
知命,1
各自,1
古时候,1
没过多久,1
不重,1
理想主义者,1
绰号,1
猛烈,1
怂,1
威风凛凛,1
一点一点,1
强硬,1
后半段,1
为妻,1
印记,1
磕,1
宏大,1
书写,1
时间跨度,1
近现代史,1
抗战时期,1
长成,1
年间,1
伶人,1
到处,1
不吝,1
才行,1
太大,1
采用,1
先看,1
感受一下,1
直观,1
怅惘,1
不能忘怀,1
过客,1
这座,1
苟且偷生,1
主儿,1
困局,1
更大,1
太少,1
糟,1
苛责,1
能怨,1
王八,1
缩头乌龟,1
禁,1
杰作,1
芙蓉镇,1
显著,1
之口,1
借,1
近,1
饰演者,1
举足轻重,1
预见,1
小四及,1
演到,1
取得,1
谢晋,1
过虞姬,1
诚然,1
情势所逼,1
实是,1
伴随,1
反目,1
传奇,1
盗寇,1
发掘,1
人要,1
打进,1
家门,1
石挥,1
夏宫,1
娄烨,1
站台,1
贾樟柯,1
蓝,1
田壮壮,1
平民,1
样貌,1
折射出,1
哈姆雷特,1
见识,1
浅薄,1
整,1
半天,1
城里,1
城外,1
背光,1
射进来,1
照亮,1
战争,1
说白了,1
三分,1
敬,1
第一句,1
一块儿,1
拆伙,1
没提,1
人来,1
有菊仙,1
几张,1
换,1
分不开,1
和慈禧,1
繁荣,1
初,1
小德张,1
原型,1
慈禧,1
位于,1
聚,1
无论谁,1
可到,1
怎么办,1
发声,1
旧时代,1
淹没,1
嘹亮,1
响彻,1
画像,1
高高,1
中心,1
旧有,1
代替,1
压倒一切,1
冉冉升起,1
表意,1
歌,1
唱红,1
大乱,1
图,1
阻断,1
整条,1
十年浩劫,1
遭到,1
一老,1
前朝,1
准出,1
现象,1
有趣,1
六次,1
一共,1
暗写,1
不可抗力,1
地点,1
穿越,1
古代,1
这条,1
飘扬,1
迎风,1
五星红旗,1
走廊,1
七七事变,1
要说,1
反派,1
细说,1
不知所措,1
这俩,1
唱得,1
齐刷刷,1
闹事,1
嗓子,1
进驻,1
第五次,1
混战,1
场子,1
干嘛,1
地出,1
大摇大摆,1
白衣,1
一袭,1
菊仙站,1
依孤,1
威而,1
岂,1
这有,1
莫测,1
理性,1
偏向,1
通常,1
作风,1
执导,1
情调,1
迷离,1
一派,1
顾导,1
故,1
深知,1
美观,1
车夫,1
一辆,1
讲故事,1
张脸,1
儿童,1
正前方,1
一端,1
粗线条,1
移动,1
灵活运用,1
脸部,1
被切,1
出下,1
转亮,1
由暗,1
转暗,1
地由亮,1
悄无声息,1
出发,1
故事性,1
注重,1
感染力,1
逻辑,1
所出,1
布置,1
着眼点,1
尽善尽美,1
半个世纪,1
自然光,1
度角,1
侧,1
反差,1
接静,1
作动,1
而行,1
反常规,1
有意,1
分光,1
舞台效果,1
布光,1
表现主义,1
分对,1
自成一家,1
烘托,1
入手,1
用色,1
苛刻,1
先声夺人,1
尖叫,1
再配,1
或静,1
接动式,1
跳跃式,1
组接,1
血色,1
摄像,1
衰败,1
尽可能,1
两者之间,1
介于,1
绝对,1
暗沉,1
冷冷的,1
相当,1
用光,1
逼人,1
凌厉,1
准,1
镜语,1
色变,1
不乏,1
两三次,1
街道,1
鼓声,1
悲愤,1
人前,1
倾注,1
简短,1
一览无余,1
表露,1
京味,1
精炼,1
深入,1
喜悦,1
照耀,1
齐唱,1
共,1
罪时程,1
神情,1
洗嘴,1
传神,1
细致,1
预言,1
显贵,1
人后,1
受罪,1
训话,1
拔出,1
值得一提,1
文化底蕴,1
范儿,1
认得,1
虎,1
狼,1
良人,1
真成了,1
洒,1
一抹,1
门儿,1
当出,1
梦去,1
太太,1
想当,1
真他妈,1
悲壮,1
画卷,1
纵深,1
平视,1
乙,1
甲,1
值得一提的是,1
最具,1
静,1
是动,1
傻傻,1
格调,1
背对着,1
象征主义,1
单看,1
先不说,1
背靠背,1
下菊仙,1
情谊,1
最能,1
慧眼,1
字来,1
视线,1
介质,1
用途,1
扯,1
物象,1
摇进,1
摇开,1
或用,1
拖泥带水,1
干净利落,1
欺骗性,1
特殊性,1
好几年,1
一两秒,1
一前一后,1
摇镜头,1
念叨,1
转场,1
抠出来,1
必要,1
越是,1
狂暴,1
相应,1
小看,1
矢志不渝,1
融入,1
半个,1
统治,1
审视,1
连缀,1
作业,1
子戈,1
天真,1
迈向,1
大作,1
相反,1
容不下,1
不死,1
太天真,1
谎言,1
垂垂老矣,1
要醒,1
梦醒,1
雕琢,1
锵,1
景深,1
免不了,1
罪行,1
倍感,1
轰动,1
合演,1
潜移默化,1
他学,1
关家,1
叹息,1
间隔,1
鼓点,1
迟暮,1
晚年,1
中场,1
体育馆,1
南柯一梦,1
渡过,1
平反,1
忧郁,1
念白,1
时隔多年,1
冷色调,1
替代品,1
迈起,1
惧色,1
他面,1
拉出去,1
帽子,1
被扣,1
所在,1
备胎,1
填补,1
暖色,1
言中,1
朝廷,1
绿林,1
一说,1
步数,1
简简单单,1
要争,1
行家,1
凛然,1
可悲,1
挽歌,1
一群,1
明亮,1
上边,1
颜色,1
连在一起,1
梦境,1
写成,1
书里,1
补进,1
改成,1
散,1
随风,1
风烛残年,1
赤裸,1
澡堂子,1
偶遇,1
辗转,1
原书,1
身世,1
静默,1
体会,1
真实感,1
张弛,1
节奏感,1
加强,1
高度集中,1
着重点,1
体验,1
临场,1
当事人,1
长距离,1
规范,1
重头戏,1
风味,1
象征性,1
主观性,1
刻意追求,1
淡化,1
不拘,1
视觉,1
引导,1
调节,1
冗长,1
枯燥,1
其余,1
大叫,1
奔跑,1
难忍,1
颓旧,1
难辨,1
进真幻,1
一下子,1
抑郁,1
取静,1
动中,1
固定,1
体育场,1
缓步,1
不尽相同,1
语法,1
树立,1
重视,1
画上,1
宁死,1
盼,1
粉碎,1
击得,1
顿悟,1
期盼,1
玉环,1
独演,1
单飞,1
同床共枕,1
考虑,1
终结,1
缺乏,1
另一端,1
已带,1
人格,1
垮塌,1
防线,1
生性,1
透露,1
逐步,1
社会秩序,1
变换,1
年老,1
演变,1
交葛,1
历史背景,1
三位,1
压抑,1
超,1
时而,1
声色俱厉,1
大多,1
曲终人散,1
最亲,1
威逼,1
嘴脸,1
唯喏,1
有求,1
套话,1
之时,1
忠义,1
后生,1
真病,1
财产,1
终身,1
一日为师,1
摸摸,1
慈爱,1
合影,1
内疚,1
执意,1
换来,1
躲开,1
浪费,1
要不是,1
一挥,1
大刀,1
气头上,1
往死里,1
受损,1
理,1
讲理,1
如父,1
白白,1
内外,1
制里,1
憎恶,1
暴君,1
创业者,1
披荆斩棘,1
底层,1
讨生活,1
相传,1
手手,1
老师傅,1
糟蹋,1
百鸟朝凤,1
赚钱,1
饭碗,1
完毕,1
白发苍苍,1
教戏,1
点醒,1
召,1
放人,1
拦不住,1
拦,1
乖乖,1
抖动,1
心虚,1
深不见底,1
透着,1
虚张声势,1
一如既往,1
推到,1
借口,1
有成,1
没演,1
真能,1
扪心自问,1
顿,1
跟成,1
愚钝,1
揣,1
小心翼翼,1
舍不得,1
错太大,1
无望,1
只怕,1
一死,1
赏钱,1
围,1
解了,1
束手无策,1
说演,1
地痞,1
被关,1
紧接,1
天桥,1
框住,1
疯人院,1
飞越,1
学渣,1
揠苗助长,1
自行,1
一遭,1
没白来,1
那人,1
包裹,1
严严实实,1
逢场,1
占便宜,1
白,1
出钱,1
交易,1
财色,1
生意,1
皮肉,1
卖笑,1
说到底,1
快步,1
翻脸无情,1
认钱,1
不受,1
骂作,1
已到,1
缘分,1
日夜,1
下定,1
法外情,1
泥沼,1
体面,1
卧房,1
有悔,1
面临,1
覆灭,1
忠诚,1
从身,1
忠心耿耿,1
赐给,1
拿走,1
封建王朝,1
二十四年,1
宣统,1
夜壶,1
拿给,1
娈童,1
功能,1
怪叫,1
衣衫不整,1
这一去,1
背影,1
全新,1
女孩子,1
乖,1
女儿,1
声称,1
总要,1
对外,1
养到,1
勉强,1
掩人耳目,1
扔掉,1
回望,1
总有,1
妈,1
不懂事,1
年轻,1
做个,1
污浊,1
阳光,1
皮实,1
娃儿,1
藏不住,1
迟早会,1
掩饰,1
披,1
还算值,1
双眼,1
惊惶,1
他血手,1
充耳不闻,1
叫喊,1
嚎,1
做牛做马,1
自力更生,1
贫苦人家,1
前程,1
多想,1
负担,1
留着,1
烫手山芋,1
迟早,1
偷,1
门槛,1
惧,1
对不起,1
冷饮,1
水果,1
包办,1
盛夏,1
正值,1
例外,1
自掏腰包,1
借个,1
打招呼,1
地带,1
鬼神,1
野地,1
场所,1
深表,1
居然,1
酒店,1
坐车,1
场上,1
兴高采烈,1
片场,1
踏出,1
间隙,1
融洽,1
相处,1
极深,1
冰棍儿,1
一箱,1
元,1
遛,1
趁,1
难免,1
下旬,1
大汗淋漓,1
个个,1
多度,1
高达,1
摄影棚,1
高温,1
罕见,1
正赶上,1
探班,1
久负盛名,1
内地,1
声泪俱下,1
承担,1
费用,1
通,1
女友,1
维持,1
放假,1
大病,1
地演,1
牌子,1
更脏,1
酷暑,1
季节,1
最热,1
两天,1
泻肚子,1
流鼻血,1
发高烧,1
水土不服,1
一分钱,1
时上,1
勒头,1
勒久,1
进门,1
试试看,1
男厕,1
没敢,1
繁琐,1
弄脏了,1
喝水,1
饿,1
胃病,1
折腾,1
脱落,1
贴片,1
一整天,1
一戴,1
凤冠,1
几十斤,1
硬是,1
玩闹,1
一流,1
勤力,1
一票,1
金马奖,1
兼得,1
主角奖,1
大奖,1
抱歉,1
评委会,1
落败,1
之差,1
金棕榈,1
嗓音,1
获,1
幕后英雄,1
醉后,1
舞剑,1
后花园,1
昏沉,1
神志,1
两场,1
询问,1
有无,1
指望,1
种种原因,1
门内,1
五颜六色,1
引诱,1
童心,1
美好生活,1
人身自由,1
调皮捣蛋,1
童心未泯,1
较差,1
无穷无尽,1
没完没了,1
日常,1
惯犯,1
逮,1
开篇,1
众生相,1
评起,1
失真,1
太重,1
肯,1
三杯,1
爬,1
房间,1
擅,1
素来,1
白酒,1
杯,1
十二,1
茅台,1
喝,1
广东,1
对饮,1
席间,1
请全,1
做东,1
恋恋不舍,1
严格,1
大牌,1
架子,1
劝,1
相聚,1
再见,1
年初,1
流利,1
能用,1
提前,1
臂,1
一晃而过,1
少爷,1
剧场,1
解放前,1
比如说,1
一丝不苟,1
注目,1
接,1
大哥,1
国荣,1
尹志,1
老友,1
抑郁症,1
面向未来,1
镜花水月,1
教,1
骗,1
来源,1
指向,1
恨意,1
满腔,1
错乱,1
对错,1
是非,1
所害,1
笑话,1
心如死灰,1
毕生,1
危险,1
跪地求饶,1
事到如今,1
曾几何时,1
耳光,1
打了个,1
不料,1
面目可憎,1
此时此地,1
停靠,1
争取,1
背错,1
巾帼,1
义重,1
情深,1
总归,1
侍,1
色艺,1
万不得已,1
心机,1
惨无人道,1
守,1
不顾一切,1
每遇,1
勾起,1
好管闲事,1
过往,1
哪有什么,1
弑母,1
落难,1
置于死地,1
隐私,1
太苦,1
潘金莲,1
淫妇,1
抢走,1
个菊仙,1
杀出,1
半路,1
只想,1
认命,1
先后,1
放过,1
认知,1
褂,1
裙,1
套,1
青春,1
二八,1
年方,1
坚贞,1
起源,1
集齐,1
无尽,1
填满,1
步,1
软,1
服,1
守住,1
夺取,1
不择手段,1
视如,1
光芒,1
势不两立,1
喃喃,1
腹中,1
孤儿,1
遗弃,1
冷,1
年幼,1
渺茫,1
无比,1
开启,1
密码,1
原以为,1
说长,1
当庭,1
必死无疑,1
击碎,1
传到,1
当有,1
确是,1
这节,1
志气,1
双方,1
重量,1
大闹,1
忘我,1
不为所动,1
逃窜,1
四散,1
其次,1
狱中,1
坐牢,1
整整齐齐,1
纪律严明,1
小四夺,1
罢演,1
阻止,1
慢,1
出力,1
他数,1
坏人,1
冤,1
论证,1
得以,1
不以为然,1
鸨母,1
纵观,1
四时,1
城门,1
张太监,1
黯然,1
祈求,1
掂量,1
多买,1
沙子,1
压上,1
燕麦,1
考证,1
关家班学戏,1
性工作者,1
说一说,1
一团和气,1
回避,1
史实,1
角度看,1
无糖,1
回家,1
坑,1
动,1
至今,1
一口气,1
知乎,1
两年,1
自欺欺人,1
性命,1
切掉,1
中说,1
不同于,1
成见,1
上学,1
供养,1
收费,1
很穷,1
家里,1
作家,1
导火索,1
其实不然,1
瞧不起,1
句,1
娘俩,1
看不起,1
求关,1
显而易见,1
友情,1
绳子,1
嫂子,1
岸,1
骓,1
交界处,1
许诺,1
拖,1
撇清,1
被菊仙,1
找补,1
不慌不忙,1
面子,1
不买,1
共识,1
拿架子,1
说谎,1
装样,1
气得,1
厮混,1
钟情,1
因虞姬,1
府,1
失色,1
抱剑,1
下水,1
串供,1
兵荒马乱,1
真心,1
抬腿,1
亲身,1
押解,1
宛若,1
隔岸观火,1
安享,1
独善其身,1
哪个,1
戏中人,1
死定了,1
戏是,1
玩具,1
缺少,1
赤诚,1
名角儿,1
粉丝,1
向来,1
听不出,1
事后,1
摇晃,1
步履,1
老年,1
只爱,1
懂行,1
青春年少,1
年龄,1
可欺,1
低贱,1
优雅,1
忠心,1
苟延残喘,1
酒后,1
蝼蚁,1
老命,1
皇宫,1
家奴,1
皇帝,1
牺牲品,1
皇权,1
虚空,1
宠,1
博他,1
白送,1
遍用,1
属灵,1
交换,1
单向,1
缺钱,1
买剑,1
用钱,1
酬,1
自古,1
精于,1
两者,1
独,1
阴秽,1
阳污,1
尘世,1
隐含,1
入府,1
珍宝,1
迈个,1
台布,1
泱泱,1
抛下,1
别忘了,1
冒充,1
临走前,1
很快,1
无谓,1
无牵无挂,1
无源,1
人活,1
有戏,1
如死别,1
写信,1
给娘,1
只当,1
纪念物,1
中多,1
斩断,1
亲缘,1
血脉,1
宁可,1
伤手,1
毁掉,1
娘强,1
四面楚歌,1
泛起,1
对人,1
再受,1
要害,1
饶,1
逃出来,1
源头,1
安全感,1
相依为命,1
活在,1
无援,1
气概不凡,1
敌百,1
告别,1
逃,1
逮到,1
意象,1
生离,1
推搡,1
动人,1
收到,1
上信,1
一封信,1
后念,1
双面绣,1
榻,1
卧,1
加持,1
锤炼,1
卖于,1
双重,1
财富,1
票友,1
自我中心,1
救苦救难,1
大慈大悲,1
雌雄同体,1
旁观者,1
挂念,1
处处,1
白天,1
嗓,1
血手,1
幼童,1
根源,1
埋藏,1
烧着,1
熟练地,1
信寄到,1
坤,1
念毕,1
太太平平,1
完拿回,1
平安,1
只求,1
不大好,1
一模一样,1
往常,1
同台,1
过慢,1
